Workbook

Sheet Data availabiliy and weather  
A1: Date | B1: Year | C1: Day of year | D1: Day of week | E1: IOP and Radiosoundings | F1: Number of DWLs operational (max = 6) | G1: Data availability PAROIS DWL | H1: Data availability PACHEM DWL | I1: Data availability PAJUSS DWL | J1: Data availability PALUPD DWL | K1: Data availability PAARBO DWL | L1: Data availability PASIRT DWL | M1: Mean wind direction (300 m) from all running DWLs | N1: Mean wind direction category (300 m) from DWLs | O1: Mean vector wind speed (300m) from all running DWLs | P1: Solar radiation (clear, few, broken, overcast - in Paris area based on daytime conditions) | Q1: Precipitation (mm day-1) MF Montsouris Weather Station | R1: Mean air temperature (°C) at Paris Montsouris | S1: Min air temperature (°C) at Paris Montsouris | T1: Max air temperature (°C) at Paris Montsouris | U1: mean wind direction (°) from Eiffel tower at 330 m agl | V1: Mean wind direction category from Eiffel tower at 330 m agl | W1: Fraction of N wind from Eiffel tower at 330 m agl | X1: Fraction of NE wind from Eiffel tower at 330 m agl | Y1: Fraction of E wind from Eiffel tower at 330 m agl | Z1: Fraction of SE wind from Eiffel tower at 330 m agl | AA1: Fraction of S wind from Eiffel tower at 330 m agl | AB1: Fraction of SW wind from Eiffel tower at 330 m agl | AC1: Fraction of W wind from Eiffel tower at 330 m agl | AD1: Fraction of NW wind from Eiffel tower at 330 m agl | AE1: Mean scalar wind speed (m s^-1) from Eiffel tower at 330 m agl | AF1: Mean vector wind speed (m s^-1) from Eiffel tower at 330 m agl | AG1: Maximum wind speed (m s^-1) from Eiffel tower at 330 m agl | AH1: ID of "Grosswetterlage" (Hess and Brezowsky) | AI1: Synotic conditions Meridional (m), zonal (z) or mixed | AJ1: Anticyclonic (A), cyclonic (C), or mixed (M) | AK1: Description of "Grosswetterlage" (Hess and Brezowsky) | AL1: sunrise (UTC) | AM1: solar noon (UTC) | AN1: sunset (UTC)
A2: 44722 | B2: 2022 | C2: 165 | D2: =WEEKDAY(A2) -> 6 | F2: =IF(G2 > 0.5,1,0)+IF(H2 > 0.5,1,0)+IF(I2 > 0.5,1,0)+IF(J2 > 0.5,1,0)+IF(K2 > 0.5,1,0)+IF(L2 > 0.5,1,0) -> 2 | G2: 0 | H2: 0 | I2: 1 | J2: 0 | K2: 0 | L2: 1 | M2: 237.592 | N2: =IF(AND(M2 > 22.5,M2<=67.6),"NE",IF(AND(M2 > 67.5,M2<=112.5),"E",IF(AND(M2 > 112.5,M2<=157.5),"SE",IF(AND(M2 > 157.5,M2<=202.5),"S",IF(AND(M2 > 202.5,M2<=247.5),"SW",IF(AND(M2 > 247.5,M2<=292.5),"W",IF(AND(M2 > 292.5,M2<=337.5),"NW",IF(AND(M2 > 22.5,M2<=360),"N","N")))))))) -> SW | O2: 4.8 | P2: Broken | Q2: 0 | R2: 19.56 | S2: 14.3 | T2: 23.6 | U2: 231.16 | V2: SW | W2: 0 | X2: 0 | Y2: 0 | Z2: 0 | AA2: 0.12 | AB2: 0.54 | AC2: 0.33 | AD2: 0 | AE2: 3.68 | AF2: 3.35 | AG2: 7.6 | AH2: BM | AI2: =VLOOKUP(AH2,'Hess and Brezowsky'!$B$2:$G$31,2,FALSE) -> Mixed | AJ2: =VLOOKUP(AH2,'Hess and Brezowsky'!$B$2:$G$31,3,FALSE) -> A | AK2: =VLOOKUP(AH2,'Hess and Brezowsky'!$B$2:$G$31,4,FALSE) -> Zonal Ridge across Central Europe | AL2: 0.15886574 | AM2: 0.49402778 | AN2: 0.82917824
A3: 44723 | B3: 2022 | C3: 165 | D3: =WEEKDAY(A3) -> 7 | F3: =IF(G3 > 0.5,1,0)+IF(H3 > 0.5,1,0)+IF(I3 > 0.5,1,0)+IF(J3 > 0.5,1,0)+IF(K3 > 0.5,1,0)+IF(L3 > 0.5,1,0) -> 2 | G3: 0 | H3: 0 | I3: 1 | J3: 0 | K3: 0 | L3: 1 | M3: 334.004 | N3: =IF(AND(M3 > 22.5,M3<=67.6),"NE",IF(AND(M3 > 67.5,M3<=112.5),"E",IF(AND(M3 > 112.5,M3<=157.5),"SE",IF(AND(M3 > 157.5,M3<=202.5),"S",IF(AND(M3 > 202.5,M3<=247.5),"SW",IF(AND(M3 > 247.5,M3<=292.5),"W",IF(AND(M3 > 292.5,M3<=337.5),"NW",IF(AND(M3 > 22.5,M3<=360),"N","N")))))))) -> NW | O3: 3.9 | P3: Broken | Q3: 0 | R3: 20.87 | S3: 16 | T3: 26.3 | U3: 322.49 | V3: NW | W3: 0.42 | X3: 0 | Y3: 0 | Z3: 0 | AA3: 0 | AB3: 0 | AC3: 0.38 | AD3: 0.21 | AE3: 4 | AF3: 3.22 | AG3: 8.7 | AH3: BM | AI3: =VLOOKUP(AH3,'Hess and Brezowsky'!$B$2:$G$31,2,FALSE) -> Mixed | AJ3: =VLOOKUP(AH3,'Hess and Brezowsky'!$B$2:$G$31,3,FALSE) -> A | AK3: =VLOOKUP(AH3,'Hess and Brezowsky'!$B$2:$G$31,4,FALSE) -> Zonal Ridge across Central Europe | AL3: 0.15866898 | AM3: 0.49415509 | AN3: 0.8296412
A4: 44724 | B4: 2022 | C4: 165 | D4: =WEEKDAY(A4) -> 1 | F4: =IF(G4 > 0.5,1,0)+IF(H4 > 0.5,1,0)+IF(I4 > 0.5,1,0)+IF(J4 > 0.5,1,0)+IF(K4 > 0.5,1,0)+IF(L4 > 0.5,1,0) -> 2 | G4: 0 | H4: 0 | I4: 1 | J4: 0 | K4: 0 | L4: 1 | M4: 343.463 | N4: =IF(AND(M4 > 22.5,M4<=67.6),"NE",IF(AND(M4 > 67.5,M4<=112.5),"E",IF(AND(M4 > 112.5,M4<=157.5),"SE",IF(AND(M4 > 157.5,M4<=202.5),"S",IF(AND(M4 > 202.5,M4<=247.5),"SW",IF(AND(M4 > 247.5,M4<=292.5),"W",IF(AND(M4 > 292.5,M4<=337.5),"NW",IF(AND(M4 > 22.5,M4<=360),"N","N")))))))) -> N | O4: 5.4 | P4: Broken | Q4: 0 | R4: 19.15 | S4: 14.4 | T4: 24.6 | U4: 329.32 | V4: NW | W4: 0.38 | X4: 0 | Y4: 0 | Z4: 0 | AA4: 0 | AB4: 0 | AC4: 0 | AD4: 0.62 | AE4: 5.87 | AF4: 5.6 | AG4: 9.8 | AH4: BM | AI4: =VLOOKUP(AH4,'Hess and Brezowsky'!$B$2:$G$31,2,FALSE) -> Mixed | AJ4: =VLOOKUP(AH4,'Hess and Brezowsky'!$B$2:$G$31,3,FALSE) -> A | AK4: =VLOOKUP(AH4,'Hess and Brezowsky'!$B$2:$G$31,4,FALSE) -> Zonal Ridge across Central Europe | AL4: 0.15850694 | AM4: 0.49429398 | AN4: 0.83006944
A5: 44725 | B5: 2022 | C5: 165 | D5: =WEEKDAY(A5) -> 2 | F5: =IF(G5 > 0.5,1,0)+IF(H5 > 0.5,1,0)+IF(I5 > 0.5,1,0)+IF(J5 > 0.5,1,0)+IF(K5 > 0.5,1,0)+IF(L5 > 0.5,1,0) -> 2 | G5: 0 | H5: 0 | I5: 0.95 | J5: 0 | K5: 0 | L5: 1 | M5: 10.014 | N5: =IF(AND(M5 > 22.5,M5<=67.6),"NE",IF(AND(M5 > 67.5,M5<=112.5),"E",IF(AND(M5 > 112.5,M5<=157.5),"SE",IF(AND(M5 > 157.5,M5<=202.5),"S",IF(AND(M5 > 202.5,M5<=247.5),"SW",IF(AND(M5 > 247.5,M5<=292.5),"W",IF(AND(M5 > 292.5,M5<=337.5),"NW",IF(AND(M5 > 22.5,M5<=360),"N","N")))))))) -> N | O5: 4.8 | P5: Few | Q5: 0 | R5: 18.47 | S5: 12.9 | T5: 23.9 | U5: 1.74 | V5: N | W5: 0.46 | X5: 0.21 | Y5: 0.08 | Z5: 0 | AA5: 0 | AB5: 0 | AC5: 0 | AD5: 0.25 | AE5: 5.49 | AF5: 4.18 | AG5: 9.8 | AH5: BM | AI5: =VLOOKUP(AH5,'Hess and Brezowsky'!$B$2:$G$31,2,FALSE) -> Mixed | AJ5: =VLOOKUP(AH5,'Hess and Brezowsky'!$B$2:$G$31,3,FALSE) -> A | AK5: =VLOOKUP(AH5,'Hess and Brezowsky'!$B$2:$G$31,4,FALSE) -> Zonal Ridge across Central Europe | AL5: 0.15837963 | AM5: 0.4944213 | AN5: 0.83047454
A6: 44726 | B6: 2022 | C6: 165 | D6: =WEEKDAY(A6) -> 3 | F6: =IF(G6 > 0.5,1,0)+IF(H6 > 0.5,1,0)+IF(I6 > 0.5,1,0)+IF(J6 > 0.5,1,0)+IF(K6 > 0.5,1,0)+IF(L6 > 0.5,1,0) -> 3 | G6: 0.58 | H6: 0 | I6: 1 | J6: 0 | K6: 0 | L6: 1 | M6: 77.316 | N6: =IF(AND(M6 > 22.5,M6<=67.6),"NE",IF(AND(M6 > 67.5,M6<=112.5),"E",IF(AND(M6 > 112.5,M6<=157.5),"SE",IF(AND(M6 > 157.5,M6<=202.5),"S",IF(AND(M6 > 202.5,M6<=247.5),"SW",IF(AND(M6 > 247.5,M6<=292.5),"W",IF(AND(M6 > 292.5,M6<=337.5),"NW",IF(AND(M6 > 22.5,M6<=360),"N","N")))))))) -> E | O6: 5.5 | P6: Few | Q6: 0 | R6: 21.26 | S6: 13.9 | T6: 27.4 | U6: 82.5 | V6: E | W6: 0 | X6: 0.08 | Y6: 0.92 | Z6: 0 | AA6: 0 | AB6: 0 | AC6: 0 | AD6: 0 | AE6: 5.65 | AF6: 5.53 | AG6: 10 | AH6: HM | AI6: =VLOOKUP(AH6,'Hess and Brezowsky'!$B$2:$G$31,2,FALSE) -> Mixed | AJ6: =VLOOKUP(AH6,'Hess and Brezowsky'!$B$2:$G$31,3,FALSE) -> A | AK6: =VLOOKUP(AH6,'Hess and Brezowsky'!$B$2:$G$31,4,FALSE) -> High over Central Europe | AL6: 0.15827546 | AM6: 0.49456019 | AN6: 0.83084491
A7: 44727 | B7: 2022 | C7: 166 | D7: =WEEKDAY(A7) -> 4 | F7: =IF(G7 > 0.5,1,0)+IF(H7 > 0.5,1,0)+IF(I7 > 0.5,1,0)+IF(J7 > 0.5,1,0)+IF(K7 > 0.5,1,0)+IF(L7 > 0.5,1,0) -> 3 | G7: 0.95 | H7: 0 | I7: 1 | J7: 0 | K7: 0 | L7: 1 | M7: 33.088 | N7: =IF(AND(M7 > 22.5,M7<=67.6),"NE",IF(AND(M7 > 67.5,M7<=112.5),"E",IF(AND(M7 > 112.5,M7<=157.5),"SE",IF(AND(M7 > 157.5,M7<=202.5),"S",IF(AND(M7 > 202.5,M7<=247.5),"SW",IF(AND(M7 > 247.5,M7<=292.5),"W",IF(AND(M7 > 292.5,M7<=337.5),"NW",IF(AND(M7 > 22.5,M7<=360),"N","N")))))))) -> NE | O7: 6 | P7: Few | Q7: 0 | R7: 24.26 | S7: 16.6 | T7: 30.9 | U7: 37.47 | V7: NE | W7: 0.38 | X7: 0.21 | Y7: 0.29 | Z7: 0 | AA7: 0 | AB7: 0 | AC7: 0 | AD7: 0.12 | AE7: 5.51 | AF7: 4.31 | AG7: 9.5 | AH7: HM | AI7: =VLOOKUP(AH7,'Hess and Brezowsky'!$B$2:$G$31,2,FALSE) -> Mixed | AJ7: =VLOOKUP(AH7,'Hess and Brezowsky'!$B$2:$G$31,3,FALSE) -> A | AK7: =VLOOKUP(AH7,'Hess and Brezowsky'!$B$2:$G$31,4,FALSE) -> High over Central Europe | AL7: 0.15820602 | AM7: 0.49469907 | AN7: 0.83119213
A8: 44728 | B8: 2022 | C8: 167 | D8: =WEEKDAY(A8) -> 5 | F8: =IF(G8 > 0.5,1,0)+IF(H8 > 0.5,1,0)+IF(I8 > 0.5,1,0)+IF(J8 > 0.5,1,0)+IF(K8 > 0.5,1,0)+IF(L8 > 0.5,1,0) -> 3 | G8: 1 | H8: 0 | I8: 1 | J8: 0 | K8: 0 | L8: 1 | M8: 35.653 | N8: =IF(AND(M8 > 22.5,M8<=67.6),"NE",IF(AND(M8 > 67.5,M8<=112.5),"E",IF(AND(M8 > 112.5,M8<=157.5),"SE",IF(AND(M8 > 157.5,M8<=202.5),"S",IF(AND(M8 > 202.5,M8<=247.5),"SW",IF(AND(M8 > 247.5,M8<=292.5),"W",IF(AND(M8 > 292.5,M8<=337.5),"NW",IF(AND(M8 > 22.5,M8<=360),"N","N")))))))) -> NE | O8: 4.6 | P8: Few | Q8: 0 | R8: 24.32 | S8: 18.2 | T8: 30.3 | U8: 37.78 | V8: NE | W8: 0.21 | X8: 0.75 | Y8: 0.04 | Z8: 0 | AA8: 0 | AB8: 0 | AC8: 0 | AD8: 0 | AE8: 4.05 | AF8: 3.81 | AG8: 7.5 | AH8: HM | AI8: =VLOOKUP(AH8,'Hess and Brezowsky'!$B$2:$G$31,2,FALSE) -> Mixed | AJ8: =VLOOKUP(AH8,'Hess and Brezowsky'!$B$2:$G$31,3,FALSE) -> A | AK8: =VLOOKUP(AH8,'Hess and Brezowsky'!$B$2:$G$31,4,FALSE) -> High over Central Europe | AL8: 0.1581713 | AM8: 0.49483796 | AN8: 0.83150463
A9: 44729 | B9: 2022 | C9: 168 | D9: =WEEKDAY(A9) -> 6 | F9: =IF(G9 > 0.5,1,0)+IF(H9 > 0.5,1,0)+IF(I9 > 0.5,1,0)+IF(J9 > 0.5,1,0)+IF(K9 > 0.5,1,0)+IF(L9 > 0.5,1,0) -> 3 | G9: 0.79 | H9: 0 | I9: 1 | J9: 0 | K9: 0 | L9: 1 | M9: 150.587 | N9: =IF(AND(M9 > 22.5,M9<=67.6),"NE",IF(AND(M9 > 67.5,M9<=112.5),"E",IF(AND(M9 > 112.5,M9<=157.5),"SE",IF(AND(M9 > 157.5,M9<=202.5),"S",IF(AND(M9 > 202.5,M9<=247.5),"SW",IF(AND(M9 > 247.5,M9<=292.5),"W",IF(AND(M9 > 292.5,M9<=337.5),"NW",IF(AND(M9 > 22.5,M9<=360),"N","N")))))))) -> SE | O9: 4.5 | P9: Clear | Q9: 0 | R9: 27.16 | S9: 19.1 | T9: 34.9 | U9: 148.61 | V9: SE | W9: 0 | X9: 0 | Y9: 0.12 | Z9: 0.21 | AA9: 0.46 | AB9: 0.21 | AC9: 0 | AD9: 0 | AE9: 3.92 | AF9: 3.05 | AG9: 8.4 | AH9: HM | AI9: =VLOOKUP(AH9,'Hess and Brezowsky'!$B$2:$G$31,2,FALSE) -> Mixed | AJ9: =VLOOKUP(AH9,'Hess and Brezowsky'!$B$2:$G$31,3,FALSE) -> A | AK9: =VLOOKUP(AH9,'Hess and Brezowsky'!$B$2:$G$31,4,FALSE) -> High over Central Europe | AL9: 0.1581713 | AM9: 0.49497685 | AN9: 0.83179398
A10: 44730 | B10: 2022 | C10: 169 | D10: =WEEKDAY(A10) -> 7 | F10: =IF(G10 > 0.5,1,0)+IF(H10 > 0.5,1,0)+IF(I10 > 0.5,1,0)+IF(J10 > 0.5,1,0)+IF(K10 > 0.5,1,0)+IF(L10 > 0.5,1,0) -> 3 | G10: 0.66 | H10: 0 | I10: 1 | J10: 0 | K10: 0 | L10: 0.91 | M10: 162.855 | N10: =IF(AND(M10 > 22.5,M10<=67.6),"NE",IF(AND(M10 > 67.5,M10<=112.5),"E",IF(AND(M10 > 112.5,M10<=157.5),"SE",IF(AND(M10 > 157.5,M10<=202.5),"S",IF(AND(M10 > 202.5,M10<=247.5),"SW",IF(AND(M10 > 247.5,M10<=292.5),"W",IF(AND(M10 > 292.5,M10<=337.5),"NW",IF(AND(M10 > 22.5,M10<=360),"N","N")))))))) -> S | O10: 6.3 | P10: Clear | Q10: 0 | R10: 29.72 | S10: 21.2 | T10: 36.7 | U10: 164.22 | V10: S | W10: 0 | X10: 0 | Y10: 0 | Z10: 0.46 | AA10: 0.5 | AB10: 0.04 | AC10: 0 | AD10: 0 | AE10: 6.28 | AF10: 5.68 | AG10: 15 | AH10: Ü | AI10: =VLOOKUP(AH10,'Hess and Brezowsky'!$B$2:$G$31,2,FALSE) -> Undefined | AJ10: =VLOOKUP(AH10,'Hess and Brezowsky'!$B$2:$G$31,3,FALSE) -> M | AK10: =VLOOKUP(AH10,'Hess and Brezowsky'!$B$2:$G$31,4,FALSE) -> Transistion / Undefined | AL10: 0.15819444 | AM10: 0.49511574 | AN10: 0.83204861
A11: 44731 | B11: 2022 | C11: 170 | D11: =WEEKDAY(A11) -> 1 | F11: =IF(G11 > 0.5,1,0)+IF(H11 > 0.5,1,0)+IF(I11 > 0.5,1,0)+IF(J11 > 0.5,1,0)+IF(K11 > 0.5,1,0)+IF(L11 > 0.5,1,0) -> 3 | G11: 1 | H11: 0 | I11: 1 | J11: 0 | K11: 0 | L11: 1 | M11: 15.896 | N11: =IF(AND(M11 > 22.5,M11<=67.6),"NE",IF(AND(M11 > 67.5,M11<=112.5),"E",IF(AND(M11 > 112.5,M11<=157.5),"SE",IF(AND(M11 > 157.5,M11<=202.5),"S",IF(AND(M11 > 202.5,M11<=247.5),"SW",IF(AND(M11 > 247.5,M11<=292.5),"W",IF(AND(M11 > 292.5,M11<=337.5),"NW",IF(AND(M11 > 22.5,M11<=360),"N","N")))))))) -> N | O11: 7.4 | P11: Broken | Q11: 5.6 | R11: 19.78 | S11: 15.4 | T11: 26.7 | U11: 13.97 | V11: N | W11: 0.42 | X11: 0.46 | Y11: 0 | Z11: 0 | AA11: 0 | AB11: 0 | AC11: 0 | AD11: 0.12 | AE11: 6.98 | AF11: 6.36 | AG11: 14.6 | AH11: HB | AI11: =VLOOKUP(AH11,'Hess and Brezowsky'!$B$2:$G$31,2,FALSE) -> Meridional | AJ11: =VLOOKUP(AH11,'Hess and Brezowsky'!$B$2:$G$31,3,FALSE) -> A | AK11: =VLOOKUP(AH11,'Hess and Brezowsky'!$B$2:$G$31,4,FALSE) -> High over the British Isles | AL11: 0.15825231 | AM11: 0.4952662 | AN11: 0.83228009
A12: 44732 | B12: 2022 | C12: 171 | D12: =WEEKDAY(A12) -> 2 | F12: =IF(G12 > 0.5,1,0)+IF(H12 > 0.5,1,0)+IF(I12 > 0.5,1,0)+IF(J12 > 0.5,1,0)+IF(K12 > 0.5,1,0)+IF(L12 > 0.5,1,0) -> 3 | G12: 1 | H12: 0 | I12: 1 | J12: 0 | K12: 0 | L12: 1 | M12: 46.593 | N12: =IF(AND(M12 > 22.5,M12<=67.6),"NE",IF(AND(M12 > 67.5,M12<=112.5),"E",IF(AND(M12 > 112.5,M12<=157.5),"SE",IF(AND(M12 > 157.5,M12<=202.5),"S",IF(AND(M12 > 202.5,M12<=247.5),"SW",IF(AND(M12 > 247.5,M12<=292.5),"W",IF(AND(M12 > 292.5,M12<=337.5),"NW",IF(AND(M12 > 22.5,M12<=360),"N","N")))))))) -> NE | O12: 6.4 | P12: Broken | Q12: 8.3 | R12: 18.39 | S12: 14.7 | T12: 23 | U12: 43.71 | V12: NE | W12: 0.08 | X12: 0.75 | Y12: 0.12 | Z12: 0 | AA12: 0 | AB12: 0 | AC12: 0 | AD12: 0.04 | AE12: 6.02 | AF12: 5.41 | AG12: 11.7 | AH12: HB | AI12: =VLOOKUP(AH12,'Hess and Brezowsky'!$B$2:$G$31,2,FALSE) -> Meridional | AJ12: =VLOOKUP(AH12,'Hess and Brezowsky'!$B$2:$G$31,3,FALSE) -> A | AK12: =VLOOKUP(AH12,'Hess and Brezowsky'!$B$2:$G$31,4,FALSE) -> High over the British Isles | AL12: 0.15833333 | AM12: 0.49540509 | AN12: 0.83247685
A13: 44733 | B13: 2022 | C13: 172 | D13: =WEEKDAY(A13) -> 3 | F13: =IF(G13 > 0.5,1,0)+IF(H13 > 0.5,1,0)+IF(I13 > 0.5,1,0)+IF(J13 > 0.5,1,0)+IF(K13 > 0.5,1,0)+IF(L13 > 0.5,1,0) -> 3 | G13: 1 | H13: 0 | I13: 1 | J13: 0 | K13: 0 | L13: 1 | M13: 56.234 | N13: =IF(AND(M13 > 22.5,M13<=67.6),"NE",IF(AND(M13 > 67.5,M13<=112.5),"E",IF(AND(M13 > 112.5,M13<=157.5),"SE",IF(AND(M13 > 157.5,M13<=202.5),"S",IF(AND(M13 > 202.5,M13<=247.5),"SW",IF(AND(M13 > 247.5,M13<=292.5),"W",IF(AND(M13 > 292.5,M13<=337.5),"NW",IF(AND(M13 > 22.5,M13<=360),"N","N")))))))) -> NE | O13: 5.3 | P13: Broken | Q13: 0.8 | R13: 21.21 | S13: 14.9 | T13: 27.3 | U13: 56.75 | V13: NE | W13: 0.17 | X13: 0.54 | Y13: 0.21 | Z13: 0.08 | AA13: 0 | AB13: 0 | AC13: 0 | AD13: 0 | AE13: 4.9 | AF13: 4.53 | AG13: 9.8 | AH13: HB | AI13: =VLOOKUP(AH13,'Hess and Brezowsky'!$B$2:$G$31,2,FALSE) -> Meridional | AJ13: =VLOOKUP(AH13,'Hess and Brezowsky'!$B$2:$G$31,3,FALSE) -> A | AK13: =VLOOKUP(AH13,'Hess and Brezowsky'!$B$2:$G$31,4,FALSE) -> High over the British Isles | AL13: 0.15844907 | AM13: 0.49554398 | AN13: 0.83263889
... A181: 44901 | B181: 2022 | C181: 340 | D181: =WEEKDAY(A181) -> 3 | F181: =IF(G181 > 0.5,1,0)+IF(H181 > 0.5,1,0)+IF(I181 > 0.5,1,0)+IF(J181 > 0.5,1,0)+IF(K181 > 0.5,1,0)+IF(L181 > 0.5,1,0) -> 3 | G181: 1 | H181: 0 | I181: 0.91 | J181: 0 | K181: 0 | L181: 1 | M181: 25.836 | N181: =IF(AND(M181 > 22.5,M181<=67.6),"NE",IF(AND(M181 > 67.5,M181<=112.5),"E",IF(AND(M181 > 112.5,M181<=157.5),"SE",IF(AND(M181 > 157.5,M181<=202.5),"S",IF(AND(M181 > 202.5,M181<=247.5),"SW",IF(AND(M181 > 247.5,M181<=292.5),"W",IF(AND(M181 > 292.5,M181<=337.5),"NW",IF(AND(M181 > 22.5,M181<=360),"N","N")))))))) -> NE | O181: 3.9 | P181: Overcast | Q181: 0 | R181: 3.84 | S181: 2.5 | T181: 5.5 | U181: 26.74 | V181: NE | W181: 0.17 | X181: 0.75 | Y181: 0 | Z181: 0 | AA181: 0 | AB181: 0 | AC181: 0 | AD181: 0.08 | AE181: 3.91 | AF181: 3.75 | AG181: 7.7 | AH181: HNz | AI181: =VLOOKUP(AH181,'Hess and Brezowsky'!$B$2:$G$31,2,FALSE) -> Meridional | AJ181: =VLOOKUP(AH181,'Hess and Brezowsky'!$B$2:$G$31,3,FALSE) -> C | AK181: =VLOOKUP(AH181,'Hess and Brezowsky'!$B$2:$G$31,4,FALSE) -> Icelandic High, Trough Central Europe | AL181: 0.31240741 | AM181: 0.48819444 | AN181: 0.66398148
A182: 44902 | B182: 2022 | C182: 341 | D182: =WEEKDAY(A182) -> 4 | F182: =IF(G182 > 0.5,1,0)+IF(H182 > 0.5,1,0)+IF(I182 > 0.5,1,0)+IF(J182 > 0.5,1,0)+IF(K182 > 0.5,1,0)+IF(L183 > 0.5,1,0) -> 1 | G182: 0 | H182: 0 | I182: 0 | J182: 0 | K182: 0 | L182: 0 | N182: =IF(AND(M182 > 22.5,M182<=67.6),"NE",IF(AND(M182 > 67.5,M182<=112.5),"E",IF(AND(M182 > 112.5,M182<=157.5),"SE",IF(AND(M182 > 157.5,M182<=202.5),"S",IF(AND(M182 > 202.5,M182<=247.5),"SW",IF(AND(M182 > 247.5,M182<=292.5),"W",IF(AND(M182 > 292.5,M182<=337.5),"NW",IF(AND(M182 > 22.5,M182<=360),"N","N")))))))) -> N | P182: Few | Q182: 0 | R182: 4.32 | S182: 1.3 | T182: 6.5 | U182: 355.6 | V182: N | W182: 0.71 | X182: 0.12 | Y182: 0 | Z182: 0 | AA182: 0 | AB182: 0 | AC182: 0.04 | AD182: 0.12 | AE182: 3.06 | AF182: 2.86 | AG182: 6.5 | AH182: HNz | AI182: =VLOOKUP(AH182,'Hess and Brezowsky'!$B$2:$G$31,2,FALSE) -> Meridional | AJ182: =VLOOKUP(AH182,'Hess and Brezowsky'!$B$2:$G$31,3,FALSE) -> C | AK182: =VLOOKUP(AH182,'Hess and Brezowsky'!$B$2:$G$31,4,FALSE) -> Icelandic High, Trough Central Europe | AL182: 0.31318287 | AM182: 0.4884838 | AN182: 0.66378472
A183: 44903 | B183: 2022 | C183: 342 | D183: =WEEKDAY(A183) -> 5 | F183: =IF(G183 > 0.5,1,0)+IF(H183 > 0.5,1,0)+IF(I183 > 0.5,1,0)+IF(J183 > 0.5,1,0)+IF(K183 > 0.5,1,0)+IF(L184 > 0.5,1,0) -> 3 | G183: 1 | H183: 0 | I183: 1 | J183: 0 | K183: 0 | L183: 1 | M183: 226.359 | N183: =IF(AND(M183 > 22.5,M183<=67.6),"NE",IF(AND(M183 > 67.5,M183<=112.5),"E",IF(AND(M183 > 112.5,M183<=157.5),"SE",IF(AND(M183 > 157.5,M183<=202.5),"S",IF(AND(M183 > 202.5,M183<=247.5),"SW",IF(AND(M183 > 247.5,M183<=292.5),"W",IF(AND(M183 > 292.5,M183<=337.5),"NW",IF(AND(M183 > 22.5,M183<=360),"N","N")))))))) -> SW | O183: 2.4 | P183: Overcast | Q183: 0 | R183: 3.25 | S183: 2.1 | T183: 4.6 | U183: 206.89 | V183: SW | W183: 0.04 | X183: 0.12 | Y183: 0.04 | Z183: 0.04 | AA183: 0.29 | AB183: 0.38 | AC183: 0.04 | AD183: 0.04 | AE183: 1.8 | AF183: 0.67 | AG183: 4.9 | AH183: HNz | AI183: =VLOOKUP(AH183,'Hess and Brezowsky'!$B$2:$G$31,2,FALSE) -> Meridional | AJ183: =VLOOKUP(AH183,'Hess and Brezowsky'!$B$2:$G$31,3,FALSE) -> C | AK183: =VLOOKUP(AH183,'Hess and Brezowsky'!$B$2:$G$31,4,FALSE) -> Icelandic High, Trough Central Europe | AL183: 0.31393519 | AM183: 0.48878472 | AN183: 0.66362269
A184: 44904 | B184: 2022 | C184: 343 | D184: =WEEKDAY(A184) -> 6 | F184: =IF(G184 > 0.5,1,0)+IF(H184 > 0.5,1,0)+IF(I184 > 0.5,1,0)+IF(J184 > 0.5,1,0)+IF(K184 > 0.5,1,0)+IF(L185 > 0.5,1,0) -> 3 | G184: 1 | H184: 0 | I184: 1 | J184: 0 | K184: 0 | L184: 1 | M184: 20.726 | N184: =IF(AND(M184 > 22.5,M184<=67.6),"NE",IF(AND(M184 > 67.5,M184<=112.5),"E",IF(AND(M184 > 112.5,M184<=157.5),"SE",IF(AND(M184 > 157.5,M184<=202.5),"S",IF(AND(M184 > 202.5,M184<=247.5),"SW",IF(AND(M184 > 247.5,M184<=292.5),"W",IF(AND(M184 > 292.5,M184<=337.5),"NW",IF(AND(M184 > 22.5,M184<=360),"N","N")))))))) -> N | O184: 4.4 | P184: Few | Q184: 0 | R184: 2.26 | S184: 0.2 | T184: 3.8 | U184: 19.51 | V184: N | W184: 0.67 | X184: 0.33 | Y184: 0 | Z184: 0 | AA184: 0 | AB184: 0 | AC184: 0 | AD184: 0 | AE184: 3.83 | AF184: 3.61 | AG184: 7.2 | AH184: HNz | AI184: =VLOOKUP(AH184,'Hess and Brezowsky'!$B$2:$G$31,2,FALSE) -> Meridional | AJ184: =VLOOKUP(AH184,'Hess and Brezowsky'!$B$2:$G$31,3,FALSE) -> C | AK184: =VLOOKUP(AH184,'Hess and Brezowsky'!$B$2:$G$31,4,FALSE) -> Icelandic High, Trough Central Europe | AL184: 0.31466435 | AM184: 0.48908565 | AN184: 0.66349537
A185: 44905 | B185: 2022 | C185: 344 | D185: =WEEKDAY(A185) -> 7 | F185: =IF(G185 > 0.5,1,0)+IF(H185 > 0.5,1,0)+IF(I185 > 0.5,1,0)+IF(J185 > 0.5,1,0)+IF(K185 > 0.5,1,0)+IF(L186 > 0.5,1,0) -> 3 | G185: 1 | H185: 0 | I185: 0.95 | J185: 0 | K185: 0 | L185: 1 | M185: 283.9 | N185: =IF(AND(M185 > 22.5,M185<=67.6),"NE",IF(AND(M185 > 67.5,M185<=112.5),"E",IF(AND(M185 > 112.5,M185<=157.5),"SE",IF(AND(M185 > 157.5,M185<=202.5),"S",IF(AND(M185 > 202.5,M185<=247.5),"SW",IF(AND(M185 > 247.5,M185<=292.5),"W",IF(AND(M185 > 292.5,M185<=337.5),"NW",IF(AND(M185 > 22.5,M185<=360),"N","N")))))))) -> W | O185: 3.5 | P185: Broken | Q185: 0 | R185: 1.75 | S185: -0.8 | T185: 4.6 | U185: 291.52 | V185: W | W185: 0.29 | X185: 0 | Y185: 0 | Z185: 0 | AA185: 0.04 | AB185: 0.33 | AC185: 0.21 | AD185: 0.12 | AE185: 2.93 | AF185: 1.52 | AG185: 5.6 | AH185: HNz | AI185: =VLOOKUP(AH185,'Hess and Brezowsky'!$B$2:$G$31,2,FALSE) -> Meridional | AJ185: =VLOOKUP(AH185,'Hess and Brezowsky'!$B$2:$G$31,3,FALSE) -> C | AK185: =VLOOKUP(AH185,'Hess and Brezowsky'!$B$2:$G$31,4,FALSE) -> Icelandic High, Trough Central Europe | AL185: 0.31537037 | AM185: 0.48938657 | AN185: 0.66341435
A186: 44906 | B186: 2022 | C186: 345 | D186: =WEEKDAY(A186) -> 1 | F186: =IF(G186 > 0.5,1,0)+IF(H186 > 0.5,1,0)+IF(I186 > 0.5,1,0)+IF(J186 > 0.5,1,0)+IF(K186 > 0.5,1,0)+IF(L187 > 0.5,1,0) -> 3 | G186: 1 | H186: 0 | I186: 1 | J186: 0 | K186: 0 | L186: 1 | M186: 171.018 | N186: =IF(AND(M186 > 22.5,M186<=67.6),"NE",IF(AND(M186 > 67.5,M186<=112.5),"E",IF(AND(M186 > 112.5,M186<=157.5),"SE",IF(AND(M186 > 157.5,M186<=202.5),"S",IF(AND(M186 > 202.5,M186<=247.5),"SW",IF(AND(M186 > 247.5,M186<=292.5),"W",IF(AND(M186 > 292.5,M186<=337.5),"NW",IF(AND(M186 > 22.5,M186<=360),"N","N")))))))) -> S | O186: 4.1 | P186: Broken | Q186: 0 | R186: -1.41 | S186: -2.3 | T186: 0 | U186: 170.28 | V186: S | W186: 0 | X186: 0 | Y186: 0 | Z186: 0.25 | AA186: 0.75 | AB186: 0 | AC186: 0 | AD186: 0 | AE186: 3.88 | AF186: 3.74 | AG186: 6.3 | AH186: HNz | AI186: =VLOOKUP(AH186,'Hess and Brezowsky'!$B$2:$G$31,2,FALSE) -> Meridional | AJ186: =VLOOKUP(AH186,'Hess and Brezowsky'!$B$2:$G$31,3,FALSE) -> C | AK186: =VLOOKUP(AH186,'Hess and Brezowsky'!$B$2:$G$31,4,FALSE) -> Icelandic High, Trough Central Europe | AL186: 0.31604167 | AM186: 0.48969907 | AN186: 0.66335648
A187: 44907 | B187: 2022 | C187: 346 | D187: =WEEKDAY(A187) -> 2 | F187: =IF(G187 > 0.5,1,0)+IF(H187 > 0.5,1,0)+IF(I187 > 0.5,1,0)+IF(J187 > 0.5,1,0)+IF(K187 > 0.5,1,0)+IF(L188 > 0.5,1,0) -> 3 | G187: 1 | H187: 0 | I187: 1 | J187: 0 | K187: 0 | L187: 1 | M187: 111.902 | N187: =IF(AND(M187 > 22.5,M187<=67.6),"NE",IF(AND(M187 > 67.5,M187<=112.5),"E",IF(AND(M187 > 112.5,M187<=157.5),"SE",IF(AND(M187 > 157.5,M187<=202.5),"S",IF(AND(M187 > 202.5,M187<=247.5),"SW",IF(AND(M187 > 247.5,M187<=292.5),"W",IF(AND(M187 > 292.5,M187<=337.5),"NW",IF(AND(M187 > 22.5,M187<=360),"N","N")))))))) -> E | O187: 5.5 | P187: Broken | Q187: 0 | R187: -1.39 | S187: -2.2 | T187: 0.1 | U187: 115.4 | V187: SE | W187: 0 | X187: 0 | Y187: 0.38 | Z187: 0.62 | AA187: 0 | AB187: 0 | AC187: 0 | AD187: 0 | AE187: 4.92 | AF187: 4.66 | AG187: 9.7 | AH187: HNa | AI187: =VLOOKUP(AH187,'Hess and Brezowsky'!$B$2:$G$31,2,FALSE) -> Meridional | AJ187: =VLOOKUP(AH187,'Hess and Brezowsky'!$B$2:$G$31,3,FALSE) -> A | AK187: =VLOOKUP(AH187,'Hess and Brezowsky'!$B$2:$G$31,4,FALSE) -> Icelandic High, Ride Central Europe | AL187: 0.31668981 | AM187: 0.49001157 | AN187: 0.66333333
A188: 44908 | B188: 2022 | C188: 347 | D188: =WEEKDAY(A188) -> 3 | F188: =IF(G188 > 0.5,1,0)+IF(H188 > 0.5,1,0)+IF(I188 > 0.5,1,0)+IF(J188 > 0.5,1,0)+IF(K188 > 0.5,1,0)+IF(L189 > 0.5,1,0) -> 3 | G188: 1 | H188: 0 | I188: 0.83 | J188: 0 | K188: 0 | L188: 1 | M188: 94.268 | N188: =IF(AND(M188 > 22.5,M188<=67.6),"NE",IF(AND(M188 > 67.5,M188<=112.5),"E",IF(AND(M188 > 112.5,M188<=157.5),"SE",IF(AND(M188 > 157.5,M188<=202.5),"S",IF(AND(M188 > 202.5,M188<=247.5),"SW",IF(AND(M188 > 247.5,M188<=292.5),"W",IF(AND(M188 > 292.5,M188<=337.5),"NW",IF(AND(M188 > 22.5,M188<=360),"N","N")))))))) -> E | O188: 7.5 | P188: Broken | Q188: 0 | R188: -0.56 | S188: -2.7 | T188: 2 | U188: 98.52 | V188: E | W188: 0 | X188: 0 | Y188: 0.79 | Z188: 0.21 | AA188: 0 | AB188: 0 | AC188: 0 | AD188: 0 | AE188: 6.31 | AF188: 6.11 | AG188: 9.2 | AH188: HNa | AI188: =VLOOKUP(AH188,'Hess and Brezowsky'!$B$2:$G$31,2,FALSE) -> Meridional | AJ188: =VLOOKUP(AH188,'Hess and Brezowsky'!$B$2:$G$31,3,FALSE) -> A | AK188: =VLOOKUP(AH188,'Hess and Brezowsky'!$B$2:$G$31,4,FALSE) -> Icelandic High, Ride Central Europe | AL188: 0.31731481 | AM188: 0.49032407 | AN188: 0.66334491
A189: 44909 | B189: 2022 | C189: 348 | D189: =WEEKDAY(A189) -> 4 | F189: =IF(G189 > 0.5,1,0)+IF(H189 > 0.5,1,0)+IF(I189 > 0.5,1,0)+IF(J189 > 0.5,1,0)+IF(K189 > 0.5,1,0)+IF(L190 > 0.5,1,0) -> 3 | G189: 1 | H189: 0 | I189: 1 | J189: 0 | K189: 0 | L189: 1 | M189: 42.065 | N189: =IF(AND(M189 > 22.5,M189<=67.6),"NE",IF(AND(M189 > 67.5,M189<=112.5),"E",IF(AND(M189 > 112.5,M189<=157.5),"SE",IF(AND(M189 > 157.5,M189<=202.5),"S",IF(AND(M189 > 202.5,M189<=247.5),"SW",IF(AND(M189 > 247.5,M189<=292.5),"W",IF(AND(M189 > 292.5,M189<=337.5),"NW",IF(AND(M189 > 22.5,M189<=360),"N","N")))))))) -> NE | O189: 3.6 | P189: Broken | Q189: 0.2 | R189: 0.86 | S189: -0.4 | T189: 2.4 | U189: 39.9 | V189: NE | W189: 0.08 | X189: 0.83 | Y189: 0.04 | Z189: 0.04 | AA189: 0 | AB189: 0 | AC189: 0 | AD189: 0 | AE189: 3.13 | AF189: 2.86 | AG189: 4.7 | AH189: HNa | AI189: =VLOOKUP(AH189,'Hess and Brezowsky'!$B$2:$G$31,2,FALSE) -> Meridional | AJ189: =VLOOKUP(AH189,'Hess and Brezowsky'!$B$2:$G$31,3,FALSE) -> A | AK189: =VLOOKUP(AH189,'Hess and Brezowsky'!$B$2:$G$31,4,FALSE) -> Icelandic High, Ride Central Europe | AL189: 0.31790509 | AM189: 0.49064815 | AN189: 0.6633912
A190: 44910 | B190: 2022 | C190: 349 | D190: =WEEKDAY(A190) -> 5 | F190: =IF(G190 > 0.5,1,0)+IF(H190 > 0.5,1,0)+IF(I190 > 0.5,1,0)+IF(J190 > 0.5,1,0)+IF(K190 > 0.5,1,0)+IF(L191 > 0.5,1,0) -> 3 | G190: 1 | H190: 0 | I190: 0.83 | J190: 0 | K190: 0 | L190: 1 | M190: 42.045 | N190: =IF(AND(M190 > 22.5,M190<=67.6),"NE",IF(AND(M190 > 67.5,M190<=112.5),"E",IF(AND(M190 > 112.5,M190<=157.5),"SE",IF(AND(M190 > 157.5,M190<=202.5),"S",IF(AND(M190 > 202.5,M190<=247.5),"SW",IF(AND(M190 > 247.5,M190<=292.5),"W",IF(AND(M190 > 292.5,M190<=337.5),"NW",IF(AND(M190 > 22.5,M190<=360),"N","N")))))))) -> NE | O190: 8.9 | P190: Broken | Q190: 0 | R190: 0.01 | S190: -2 | T190: 2.4 | U190: 44.12 | V190: NE | W190: 0.04 | X190: 0.88 | Y190: 0.08 | Z190: 0 | AA190: 0 | AB190: 0 | AC190: 0 | AD190: 0 | AE190: 9.85 | AF190: 9.55 | AG190: 17 | AH190: TrM | AI190: =VLOOKUP(AH190,'Hess and Brezowsky'!$B$2:$G$31,2,FALSE) -> Meridional | AJ190: =VLOOKUP(AH190,'Hess and Brezowsky'!$B$2:$G$31,3,FALSE) -> M | AK190: =VLOOKUP(AH190,'Hess and Brezowsky'!$B$2:$G$31,4,FALSE) -> Trough over Central Europe | AL190: 0.31847222 | AM190: 0.49097222 | AN190: 0.66347222
A191: 44911 | B191: 2022 | C191: 350 | D191: =WEEKDAY(A191) -> 6 | F191: =IF(G191 > 0.5,1,0)+IF(H191 > 0.5,1,0)+IF(I191 > 0.5,1,0)+IF(J191 > 0.5,1,0)+IF(K191 > 0.5,1,0)+IF(L192 > 0.5,1,0) -> 3 | G191: 1 | H191: 0 | I191: 0.91 | J191: 0 | K191: 0 | L191: 1 | M191: 28.987 | N191: =IF(AND(M191 > 22.5,M191<=67.6),"NE",IF(AND(M191 > 67.5,M191<=112.5),"E",IF(AND(M191 > 112.5,M191<=157.5),"SE",IF(AND(M191 > 157.5,M191<=202.5),"S",IF(AND(M191 > 202.5,M191<=247.5),"SW",IF(AND(M191 > 247.5,M191<=292.5),"W",IF(AND(M191 > 292.5,M191<=337.5),"NW",IF(AND(M191 > 22.5,M191<=360),"N","N")))))))) -> NE | O191: 6.7 | P191: Few | Q191: 0 | R191: 0.05 | S191: -1.6 | T191: 1.6 | U191: 26.46 | V191: NE | W191: 0.38 | X191: 0.54 | Y191: 0.08 | Z191: 0 | AA191: 0 | AB191: 0 | AC191: 0 | AD191: 0 | AE191: 7.18 | AF191: 6.91 | AG191: 13.1 | AH191: TrM | AI191: =VLOOKUP(AH191,'Hess and Brezowsky'!$B$2:$G$31,2,FALSE) -> Meridional | AJ191: =VLOOKUP(AH191,'Hess and Brezowsky'!$B$2:$G$31,3,FALSE) -> M | AK191: =VLOOKUP(AH191,'Hess and Brezowsky'!$B$2:$G$31,4,FALSE) -> Trough over Central Europe | AL191: 0.31900463 | AM191: 0.4912963 | AN191: 0.66358796
A192: 44912 | B192: 2022 | C192: 351 | D192: =WEEKDAY(A192) -> 7 | F192: =IF(G192 > 0.5,1,0)+IF(H192 > 0.5,1,0)+IF(I192 > 0.5,1,0)+IF(J192 > 0.5,1,0)+IF(K192 > 0.5,1,0)+IF(L193 > 0.5,1,0) -> 3 | G192: 1 | H192: 0 | I192: 1 | J192: 0 | K192: 0 | L192: 1 | M192: 116.603 | N192: =IF(AND(M192 > 22.5,M192<=67.6),"NE",IF(AND(M192 > 67.5,M192<=112.5),"E",IF(AND(M192 > 112.5,M192<=157.5),"SE",IF(AND(M192 > 157.5,M192<=202.5),"S",IF(AND(M192 > 202.5,M192<=247.5),"SW",IF(AND(M192 > 247.5,M192<=292.5),"W",IF(AND(M192 > 292.5,M192<=337.5),"NW",IF(AND(M192 > 22.5,M192<=360),"N","N")))))))) -> SE | O192: 4.2 | P192: Broken | Q192: 0 | R192: -1.68 | S192: -4.4 | T192: -0.4 | U192: 125.19 | V192: SE | W192: 0 | X192: 0 | Y192: 0.21 | Z192: 0.79 | AA192: 0 | AB192: 0 | AC192: 0 | AD192: 0 | AE192: 4.06 | AF192: 3.98 | AG192: 11.9 | AH192: TrM | AI192: =VLOOKUP(AH192,'Hess and Brezowsky'!$B$2:$G$31,2,FALSE) -> Meridional | AJ192: =VLOOKUP(AH192,'Hess and Brezowsky'!$B$2:$G$31,3,FALSE) -> M | AK192: =VLOOKUP(AH192,'Hess and Brezowsky'!$B$2:$G$31,4,FALSE) -> Trough over Central Europe | AL192: 0.31950231 | AM192: 0.49162037 | AN192: 0.66373843
A193: 44913 | B193: 2022 | C193: 352 | D193: =WEEKDAY(A193) -> 1 | F193: =IF(G193 > 0.5,1,0)+IF(H193 > 0.5,1,0)+IF(I193 > 0.5,1,0)+IF(J193 > 0.5,1,0)+IF(K193 > 0.5,1,0)+IF(L194 > 0.5,1,0) -> 3 | G193: 1 | H193: 0 | I193: 1 | J193: 0 | K193: 0 | L193: 1 | M193: 169.608 | N193: =IF(AND(M193 > 22.5,M193<=67.6),"NE",IF(AND(M193 > 67.5,M193<=112.5),"E",IF(AND(M193 > 112.5,M193<=157.5),"SE",IF(AND(M193 > 157.5,M193<=202.5),"S",IF(AND(M193 > 202.5,M193<=247.5),"SW",IF(AND(M193 > 247.5,M193<=292.5),"W",IF(AND(M193 > 292.5,M193<=337.5),"NW",IF(AND(M193 > 22.5,M193<=360),"N","N")))))))) -> S | O193: 11 | P193: Broken | Q193: 4.2 | R193: -1.15 | S193: -5 | T193: 4.5 | U193: 176.22 | V193: S | W193: 0 | X193: 0 | Y193: 0 | Z193: 0.17 | AA193: 0.83 | AB193: 0 | AC193: 0 | AD193: 0 | AE193: 12.95 | AF193: 12.25 | AG193: 18 | AH193: SWz | AI193: =VLOOKUP(AH193,'Hess and Brezowsky'!$B$2:$G$31,2,FALSE) -> Mixed | AJ193: =VLOOKUP(AH193,'Hess and Brezowsky'!$B$2:$G$31,3,FALSE) -> C | AK193: =VLOOKUP(AH193,'Hess and Brezowsky'!$B$2:$G$31,4,FALSE) -> Cyclonic South-Westerly | AL193: 0.31997685 | AM193: 0.49195602 | AN193: 0.66392361
A194: 44914 | B194: 2022 | C194: 353 | D194: =WEEKDAY(A194) -> 2 | F194: =IF(G194 > 0.5,1,0)+IF(H194 > 0.5,1,0)+IF(I194 > 0.5,1,0)+IF(J194 > 0.5,1,0)+IF(K194 > 0.5,1,0)+IF(L195 > 0.5,1,0) -> 3 | G194: 1 | H194: 0 | I194: 1 | J194: 0 | K194: 0 | L194: 1 | M194: 199.558 | N194: =IF(AND(M194 > 22.5,M194<=67.6),"NE",IF(AND(M194 > 67.5,M194<=112.5),"E",IF(AND(M194 > 112.5,M194<=157.5),"SE",IF(AND(M194 > 157.5,M194<=202.5),"S",IF(AND(M194 > 202.5,M194<=247.5),"SW",IF(AND(M194 > 247.5,M194<=292.5),"W",IF(AND(M194 > 292.5,M194<=337.5),"NW",IF(AND(M194 > 22.5,M194<=360),"N","N")))))))) -> S | O194: 13.5 | P194: Overcast | Q194: 0.8 | R194: 9.05 | S194: 4.5 | T194: 12.4 | U194: 199.19 | V194: S | W194: 0 | X194: 0 | Y194: 0 | Z194: 0 | AA194: 1 | AB194: 0 | AC194: 0 | AD194: 0 | AE194: 13.64 | AF194: 13.63 | AG194: 17.5 | AH194: SWz | AI194: =VLOOKUP(AH194,'Hess and Brezowsky'!$B$2:$G$31,2,FALSE) -> Mixed | AJ194: =VLOOKUP(AH194,'Hess and Brezowsky'!$B$2:$G$31,3,FALSE) -> C | AK194: =VLOOKUP(AH194,'Hess and Brezowsky'!$B$2:$G$31,4,FALSE) -> Cyclonic South-Westerly | AL194: 0.32041667 | AM194: 0.49228009 | AN194: 0.66415509
... A206: 44926 | B206: 2022 | C206: 365 | D206: =WEEKDAY(A206) -> 7 | F206: =IF(G206 > 0.5,1,0)+IF(H206 > 0.5,1,0)+IF(I206 > 0.5,1,0)+IF(J206 > 0.5,1,0)+IF(K206 > 0.5,1,0)+IF(L207 > 0.5,1,0) -> 3 | G206: 1 | H206: 0 | I206: 1 | J206: 0 | K206: 0 | L206: 1 | M206: 210.805 | N206: =IF(AND(M206 > 22.5,M206<=67.6),"NE",IF(AND(M206 > 67.5,M206<=112.5),"E",IF(AND(M206 > 112.5,M206<=157.5),"SE",IF(AND(M206 > 157.5,M206<=202.5),"S",IF(AND(M206 > 202.5,M206<=247.5),"SW",IF(AND(M206 > 247.5,M206<=292.5),"W",IF(AND(M206 > 292.5,M206<=337.5),"NW",IF(AND(M206 > 22.5,M206<=360),"N","N")))))))) -> SW | O206: 15.8 | P206: Overcast | Q206: 0.2 | R206: 15.23 | S206: 14.2 | T206: 16.1 | U206: 204.36 | V206: SW | W206: 0 | X206: 0 | Y206: 0 | Z206: 0 | AA206: 0.46 | AB206: 0.54 | AC206: 0 | AD206: 0 | AE206: 14.9 | AF206: 14.86 | AG206: 19.9 | AH206: SWz | AI206: =VLOOKUP(AH206,'Hess and Brezowsky'!$B$2:$G$31,2,FALSE) -> Mixed | AJ206: =VLOOKUP(AH206,'Hess and Brezowsky'!$B$2:$G$31,3,FALSE) -> C | AK206: =VLOOKUP(AH206,'Hess and Brezowsky'!$B$2:$G$31,4,FALSE) -> Cyclonic South-Westerly | AL206: 0.323125 | AM206: 0.49626157 | AN206: 0.66940972
A207: 44927 | B207: 2023 | C207: 1 | D207: =WEEKDAY(A207) -> 1 | F207: =IF(G207 > 0.5,1,0)+IF(H207 > 0.5,1,0)+IF(I207 > 0.5,1,0)+IF(J207 > 0.5,1,0)+IF(K207 > 0.5,1,0)+IF(L208 > 0.5,1,0) -> 3 | G207: 1 | H207: 0 | I207: 1 | J207: 0 | K207: 0 | L207: 1 | M207: 201.631 | N207: =IF(AND(M207 > 22.5,M207<=67.6),"NE",IF(AND(M207 > 67.5,M207<=112.5),"E",IF(AND(M207 > 112.5,M207<=157.5),"SE",IF(AND(M207 > 157.5,M207<=202.5),"S",IF(AND(M207 > 202.5,M207<=247.5),"SW",IF(AND(M207 > 247.5,M207<=292.5),"W",IF(AND(M207 > 292.5,M207<=337.5),"NW",IF(AND(M207 > 22.5,M207<=360),"N","N")))))))) -> S | O207: 12.5 | Q207: 1.4 | R207: 13.07 | S207: 11.4 | T207: 15 | U207: 196.17 | V207: S | W207: 0 | X207: 0 | Y207: 0 | Z207: 0 | AA207: 0.62 | AB207: 0.38 | AC207: 0 | AD207: 0 | AE207: 11.68 | AF207: 11.21 | AG207: 15.9 | AH207: SWz | AI207: =VLOOKUP(AH207,'Hess and Brezowsky'!$B$2:$G$31,2,FALSE) -> Mixed | AJ207: =VLOOKUP(AH207,'Hess and Brezowsky'!$B$2:$G$31,3,FALSE) -> C | AK207: =VLOOKUP(AH207,'Hess and Brezowsky'!$B$2:$G$31,4,FALSE) -> Cyclonic South-Westerly | AL207: 0.323125 | AM207: 0.49658565 | AN207: 0.6700463
A208: 44928 | B208: 2023 | C208: 2 | D208: =WEEKDAY(A208) -> 2 | F208: =IF(G208 > 0.5,1,0)+IF(H208 > 0.5,1,0)+IF(I208 > 0.5,1,0)+IF(J208 > 0.5,1,0)+IF(K208 > 0.5,1,0)+IF(L209 > 0.5,1,0) -> 3 | G208: 1 | H208: 0 | I208: 0.7 | J208: 0 | K208: 0 | L208: 1 | M208: 233.298 | N208: =IF(AND(M208 > 22.5,M208<=67.6),"NE",IF(AND(M208 > 67.5,M208<=112.5),"E",IF(AND(M208 > 112.5,M208<=157.5),"SE",IF(AND(M208 > 157.5,M208<=202.5),"S",IF(AND(M208 > 202.5,M208<=247.5),"SW",IF(AND(M208 > 247.5,M208<=292.5),"W",IF(AND(M208 > 292.5,M208<=337.5),"NW",IF(AND(M208 > 22.5,M208<=360),"N","N")))))))) -> SW | O208: 9.3 | P208: Broken | Q208: 5.4 | R208: 10.4 | S208: 6.7 | T208: 14.3 | U208: 234.35 | V208: SW | W208: 0 | X208: 0 | Y208: 0 | Z208: 0 | AA208: 0 | AB208: 0.96 | AC208: 0.04 | AD208: 0 | AE208: 8.42 | AF208: 8.35 | AG208: 13.1 | AH208: SWz | AI208: =VLOOKUP(AH208,'Hess and Brezowsky'!$B$2:$G$31,2,FALSE) -> Mixed | AJ208: =VLOOKUP(AH208,'Hess and Brezowsky'!$B$2:$G$31,3,FALSE) -> C | AK208: =VLOOKUP(AH208,'Hess and Brezowsky'!$B$2:$G$31,4,FALSE) -> Cyclonic South-Westerly | AL208: 0.32309028 | AM208: 0.49690972 | AN208: 0.67071759
A209: 44929 | B209: 2023 | C209: 3 | D209: =WEEKDAY(A209) -> 3 | F209: =IF(G209 > 0.5,1,0)+IF(H209 > 0.5,1,0)+IF(I209 > 0.5,1,0)+IF(J209 > 0.5,1,0)+IF(K209 > 0.5,1,0)+IF(L210 > 0.5,1,0) -> 3 | G209: 1 | H209: 0 | I209: 0.87 | J209: 0 | K209: 0 | L209: 1 | M209: 211.726 | N209: =IF(AND(M209 > 22.5,M209<=67.6),"NE",IF(AND(M209 > 67.5,M209<=112.5),"E",IF(AND(M209 > 112.5,M209<=157.5),"SE",IF(AND(M209 > 157.5,M209<=202.5),"S",IF(AND(M209 > 202.5,M209<=247.5),"SW",IF(AND(M209 > 247.5,M209<=292.5),"W",IF(AND(M209 > 292.5,M209<=337.5),"NW",IF(AND(M209 > 22.5,M209<=360),"N","N")))))))) -> SW | O209: 9.6 | P209: Overcast | Q209: 2 | R209: 7.91 | S209: 5.4 | T209: 10 | U209: 211.6 | V209: SW | W209: 0 | X209: 0 | Y209: 0 | Z209: 0 | AA209: 0.33 | AB209: 0.67 | AC209: 0 | AD209: 0 | AE209: 9.09 | AF209: 8.8 | AG209: 14.2 | AH209: Wz | AI209: =VLOOKUP(AH209,'Hess and Brezowsky'!$B$2:$G$31,2,FALSE) -> Zonal | AJ209: =VLOOKUP(AH209,'Hess and Brezowsky'!$B$2:$G$31,3,FALSE) -> C | AK209: =VLOOKUP(AH209,'Hess and Brezowsky'!$B$2:$G$31,4,FALSE) -> Cyclonic Westerly | AL209: 0.32303241 | AM209: 0.49722222 | AN209: 0.67141204
A210: 44930 | B210: 2023 | C210: 4 | D210: =WEEKDAY(A210) -> 4 | F210: =IF(G210 > 0.5,1,0)+IF(H210 > 0.5,1,0)+IF(I210 > 0.5,1,0)+IF(J210 > 0.5,1,0)+IF(K210 > 0.5,1,0)+IF(L211 > 0.5,1,0) -> 3 | G210: 1 | H210: 0 | I210: 1 | J210: 0 | K210: 0 | L210: 1 | M210: 230.747 | N210: =IF(AND(M210 > 22.5,M210<=67.6),"NE",IF(AND(M210 > 67.5,M210<=112.5),"E",IF(AND(M210 > 112.5,M210<=157.5),"SE",IF(AND(M210 > 157.5,M210<=202.5),"S",IF(AND(M210 > 202.5,M210<=247.5),"SW",IF(AND(M210 > 247.5,M210<=292.5),"W",IF(AND(M210 > 292.5,M210<=337.5),"NW",IF(AND(M210 > 22.5,M210<=360),"N","N")))))))) -> SW | O210: 13.2 | P210: Overcast | Q210: 0.8 | R210: 12.01 | S210: 10 | T210: 13.6 | U210: 229.55 | V210: SW | W210: 0 | X210: 0 | Y210: 0 | Z210: 0 | AA210: 0 | AB210: 0.92 | AC210: 0.08 | AD210: 0 | AE210: 11.8 | AF210: 11.56 | AG210: 15.6 | AH210: Wz | AI210: =VLOOKUP(AH210,'Hess and Brezowsky'!$B$2:$G$31,2,FALSE) -> Zonal | AJ210: =VLOOKUP(AH210,'Hess and Brezowsky'!$B$2:$G$31,3,FALSE) -> C | AK210: =VLOOKUP(AH210,'Hess and Brezowsky'!$B$2:$G$31,4,FALSE) -> Cyclonic Westerly | AL210: 0.32292824 | AM210: 0.49753472 | AN210: 0.6721412
A211: 44931 | B211: 2023 | C211: 5 | D211: =WEEKDAY(A211) -> 5 | F211: =IF(G211 > 0.5,1,0)+IF(H211 > 0.5,1,0)+IF(I211 > 0.5,1,0)+IF(J211 > 0.5,1,0)+IF(K211 > 0.5,1,0)+IF(L212 > 0.5,1,0) -> 3 | G211: 1 | H211: 0 | I211: 1 | J211: 0 | K211: 0 | L211: 1 | M211: 253.478 | N211: =IF(AND(M211 > 22.5,M211<=67.6),"NE",IF(AND(M211 > 67.5,M211<=112.5),"E",IF(AND(M211 > 112.5,M211<=157.5),"SE",IF(AND(M211 > 157.5,M211<=202.5),"S",IF(AND(M211 > 202.5,M211<=247.5),"SW",IF(AND(M211 > 247.5,M211<=292.5),"W",IF(AND(M211 > 292.5,M211<=337.5),"NW",IF(AND(M211 > 22.5,M211<=360),"N","N")))))))) -> W | O211: 8.7 | P211: Overcast | Q211: 0.2 | R211: 12.64 | S211: 11 | T211: 13.9 | U211: 252.83 | V211: W | W211: 0 | X211: 0 | Y211: 0 | Z211: 0 | AA211: 0 | AB211: 0.42 | AC211: 0.58 | AD211: 0 | AE211: 9 | AF211: 8.69 | AG211: 14.9 | AH211: Wz | AI211: =VLOOKUP(AH211,'Hess and Brezowsky'!$B$2:$G$31,2,FALSE) -> Zonal | AJ211: =VLOOKUP(AH211,'Hess and Brezowsky'!$B$2:$G$31,3,FALSE) -> C | AK211: =VLOOKUP(AH211,'Hess and Brezowsky'!$B$2:$G$31,4,FALSE) -> Cyclonic Westerly | AL211: 0.32278935 | AM211: 0.49783565 | AN211: 0.67288194
A212: 44932 | B212: 2023 | C212: 6 | D212: =WEEKDAY(A212) -> 6 | F212: =IF(G212 > 0.5,1,0)+IF(H212 > 0.5,1,0)+IF(I212 > 0.5,1,0)+IF(J212 > 0.5,1,0)+IF(K212 > 0.5,1,0)+IF(L213 > 0.5,1,0) -> 3 | G212: 1 | H212: 0 | I212: 1 | J212: 0 | K212: 0 | L212: 1 | M212: 217.958 | N212: =IF(AND(M212 > 22.5,M212<=67.6),"NE",IF(AND(M212 > 67.5,M212<=112.5),"E",IF(AND(M212 > 112.5,M212<=157.5),"SE",IF(AND(M212 > 157.5,M212<=202.5),"S",IF(AND(M212 > 202.5,M212<=247.5),"SW",IF(AND(M212 > 247.5,M212<=292.5),"W",IF(AND(M212 > 292.5,M212<=337.5),"NW",IF(AND(M212 > 22.5,M212<=360),"N","N")))))))) -> SW | O212: 8.8 | P212: Broken | Q212: 0 | R212: 11.53 | S212: 10.5 | T212: 13.4 | U212: 214.47 | V212: SW | W212: 0 | X212: 0 | Y212: 0 | Z212: 0 | AA212: 0.21 | AB212: 0.79 | AC212: 0 | AD212: 0 | AE212: 7.18 | AF212: 7.06 | AG212: 10.3 | AH212: SWz | AI212: =VLOOKUP(AH212,'Hess and Brezowsky'!$B$2:$G$31,2,FALSE) -> Mixed | AJ212: =VLOOKUP(AH212,'Hess and Brezowsky'!$B$2:$G$31,3,FALSE) -> C | AK212: =VLOOKUP(AH212,'Hess and Brezowsky'!$B$2:$G$31,4,FALSE) -> Cyclonic South-Westerly | AL212: 0.32262731 | AM212: 0.49814815 | AN212: 0.67365741
A213: 44933 | B213: 2023 | C213: 7 | D213: =WEEKDAY(A213) -> 7 | F213: =IF(G213 > 0.5,1,0)+IF(H213 > 0.5,1,0)+IF(I213 > 0.5,1,0)+IF(J213 > 0.5,1,0)+IF(K213 > 0.5,1,0)+IF(L214 > 0.5,1,0) -> 3 | G213: 1 | H213: 0 | I213: 0.79 | J213: 0 | K213: 0 | L213: 1 | M213: 198.484 | N213: =IF(AND(M213 > 22.5,M213<=67.6),"NE",IF(AND(M213 > 67.5,M213<=112.5),"E",IF(AND(M213 > 112.5,M213<=157.5),"SE",IF(AND(M213 > 157.5,M213<=202.5),"S",IF(AND(M213 > 202.5,M213<=247.5),"SW",IF(AND(M213 > 247.5,M213<=292.5),"W",IF(AND(M213 > 292.5,M213<=337.5),"NW",IF(AND(M213 > 22.5,M213<=360),"N","N")))))))) -> S | O213: 12 | P213: Broken | Q213: 1 | R213: 10.04 | S213: 7.6 | T213: 11.4 | U213: 194.69 | V213: S | W213: 0 | X213: 0 | Y213: 0 | Z213: 0 | AA213: 0.92 | AB213: 0.08 | AC213: 0 | AD213: 0 | AE213: 11.51 | AF213: 11.42 | AG213: 14.4 | AH213: SWz | AI213: =VLOOKUP(AH213,'Hess and Brezowsky'!$B$2:$G$31,2,FALSE) -> Mixed | AJ213: =VLOOKUP(AH213,'Hess and Brezowsky'!$B$2:$G$31,3,FALSE) -> C | AK213: =VLOOKUP(AH213,'Hess and Brezowsky'!$B$2:$G$31,4,FALSE) -> Cyclonic South-Westerly | AL213: 0.32241898 | AM213: 0.4984375 | AN213: 0.67445602
A214: 44934 | B214: 2023 | C214: 8 | D214: =WEEKDAY(A214) -> 1 | F214: =IF(G214 > 0.5,1,0)+IF(H214 > 0.5,1,0)+IF(I214 > 0.5,1,0)+IF(J214 > 0.5,1,0)+IF(K214 > 0.5,1,0)+IF(L215 > 0.5,1,0) -> 3 | G214: 1 | H214: 0 | I214: 0.95 | J214: 0 | K214: 0 | L214: 1 | M214: 216.852 | N214: =IF(AND(M214 > 22.5,M214<=67.6),"NE",IF(AND(M214 > 67.5,M214<=112.5),"E",IF(AND(M214 > 112.5,M214<=157.5),"SE",IF(AND(M214 > 157.5,M214<=202.5),"S",IF(AND(M214 > 202.5,M214<=247.5),"SW",IF(AND(M214 > 247.5,M214<=292.5),"W",IF(AND(M214 > 292.5,M214<=337.5),"NW",IF(AND(M214 > 22.5,M214<=360),"N","N")))))))) -> SW | O214: 11.7 | P214: Broken | Q214: 2.2 | R214: 9.36 | S214: 6.6 | T214: 11.1 | U214: 213.09 | V214: SW | W214: 0 | X214: 0 | Y214: 0 | Z214: 0 | AA214: 0.38 | AB214: 0.58 | AC214: 0.04 | AD214: 0 | AE214: 10.95 | AF214: 10.51 | AG214: 15.2 | AH214: SWz | AI214: =VLOOKUP(AH214,'Hess and Brezowsky'!$B$2:$G$31,2,FALSE) -> Mixed | AJ214: =VLOOKUP(AH214,'Hess and Brezowsky'!$B$2:$G$31,3,FALSE) -> C | AK214: =VLOOKUP(AH214,'Hess and Brezowsky'!$B$2:$G$31,4,FALSE) -> Cyclonic South-Westerly | AL214: 0.3221875 | AM214: 0.49873843 | AN214: 0.67528935
A215: 44935 | B215: 2023 | C215: 9 | D215: =WEEKDAY(A215) -> 2 | F215: =IF(G215 > 0.5,1,0)+IF(H215 > 0.5,1,0)+IF(I215 > 0.5,1,0)+IF(J215 > 0.5,1,0)+IF(K215 > 0.5,1,0)+IF(L216 > 0.5,1,0) -> 3 | G215: 1 | H215: 0 | I215: 1 | J215: 0 | K215: 0 | L215: 1 | M215: 257.855 | N215: =IF(AND(M215 > 22.5,M215<=67.6),"NE",IF(AND(M215 > 67.5,M215<=112.5),"E",IF(AND(M215 > 112.5,M215<=157.5),"SE",IF(AND(M215 > 157.5,M215<=202.5),"S",IF(AND(M215 > 202.5,M215<=247.5),"SW",IF(AND(M215 > 247.5,M215<=292.5),"W",IF(AND(M215 > 292.5,M215<=337.5),"NW",IF(AND(M215 > 22.5,M215<=360),"N","N")))))))) -> W | O215: 12 | P215: Broken | Q215: 4.2 | R215: 7.23 | S215: 5.6 | T215: 9.5 | U215: 259.21 | V215: W | W215: 0 | X215: 0 | Y215: 0 | Z215: 0 | AA215: 0 | AB215: 0.33 | AC215: 0.67 | AD215: 0 | AE215: 14.25 | AF215: 13.5 | AG215: 19.6 | AH215: SWz | AI215: =VLOOKUP(AH215,'Hess and Brezowsky'!$B$2:$G$31,2,FALSE) -> Mixed | AJ215: =VLOOKUP(AH215,'Hess and Brezowsky'!$B$2:$G$31,3,FALSE) -> C | AK215: =VLOOKUP(AH215,'Hess and Brezowsky'!$B$2:$G$31,4,FALSE) -> Cyclonic South-Westerly | AL215: 0.3219213 | AM215: 0.49902778 | AN215: 0.67613426
A216: 44936 | B216: 2023 | C216: 10 | D216: =WEEKDAY(A216) -> 3 | F216: =IF(G216 > 0.5,1,0)+IF(H216 > 0.5,1,0)+IF(I216 > 0.5,1,0)+IF(J216 > 0.5,1,0)+IF(K216 > 0.5,1,0)+IF(L217 > 0.5,1,0) -> 2 | G216: 0 | H216: 0 | I216: 1 | J216: 0 | K216: 0 | L216: 1 | M216: 219.239 | N216: =IF(AND(M216 > 22.5,M216<=67.6),"NE",IF(AND(M216 > 67.5,M216<=112.5),"E",IF(AND(M216 > 112.5,M216<=157.5),"SE",IF(AND(M216 > 157.5,M216<=202.5),"S",IF(AND(M216 > 202.5,M216<=247.5),"SW",IF(AND(M216 > 247.5,M216<=292.5),"W",IF(AND(M216 > 292.5,M216<=337.5),"NW",IF(AND(M216 > 22.5,M216<=360),"N","N")))))))) -> SW | O216: 11 | P216: Overcast | Q216: 2.6 | R216: 7.47 | S216: 4.3 | T216: 12 | U216: 219.26 | V216: SW | W216: 0 | X216: 0 | Y216: 0 | Z216: 0 | AA216: 0.33 | AB216: 0.46 | AC216: 0.21 | AD216: 0 | AE216: 11.56 | AF216: 10.44 | AG216: 14.7 | AH216: Ww | AI216: =VLOOKUP(AH216,'Hess and Brezowsky'!$B$2:$G$31,2,FALSE) -> Zonal | AJ216: =VLOOKUP(AH216,'Hess and Brezowsky'!$B$2:$G$31,3,FALSE) -> M | AK216: =VLOOKUP(AH216,'Hess and Brezowsky'!$B$2:$G$31,4,FALSE) -> Maritime Westerly (Block Eastern Europe) | AL216: 0.32162037 | AM216: 0.49930556 | AN216: 0.67700231
A217: 44937 | B217: 2023 | C217: 11 | D217: =WEEKDAY(A217) -> 4 | F217: =IF(G217 > 0.5,1,0)+IF(H217 > 0.5,1,0)+IF(I217 > 0.5,1,0)+IF(J217 > 0.5,1,0)+IF(K217 > 0.5,1,0)+IF(L218 > 0.5,1,0) -> 2 | G217: 0 | H217: 0 | I217: 0.95 | J217: 0 | K217: 0 | L217: 1 | M217: 241.721 | N217: =IF(AND(M217 > 22.5,M217<=67.6),"NE",IF(AND(M217 > 67.5,M217<=112.5),"E",IF(AND(M217 > 112.5,M217<=157.5),"SE",IF(AND(M217 > 157.5,M217<=202.5),"S",IF(AND(M217 > 202.5,M217<=247.5),"SW",IF(AND(M217 > 247.5,M217<=292.5),"W",IF(AND(M217 > 292.5,M217<=337.5),"NW",IF(AND(M217 > 22.5,M217<=360),"N","N")))))))) -> SW | O217: 10.9 | P217: Broken | Q217: 3.8 | R217: 10.78 | S217: 9.3 | T217: 12.2 | U217: 242.19 | V217: SW | W217: 0 | X217: 0 | Y217: 0 | Z217: 0 | AA217: 0 | AB217: 0.62 | AC217: 0.38 | AD217: 0 | AE217: 11.96 | AF217: 11.15 | AG217: 14.9 | AH217: Ww | AI217: =VLOOKUP(AH217,'Hess and Brezowsky'!$B$2:$G$31,2,FALSE) -> Zonal | AJ217: =VLOOKUP(AH217,'Hess and Brezowsky'!$B$2:$G$31,3,FALSE) -> M | AK217: =VLOOKUP(AH217,'Hess and Brezowsky'!$B$2:$G$31,4,FALSE) -> Maritime Westerly (Block Eastern Europe) | AL217: 0.32128472 | AM217: 0.49958333 | AN217: 0.67789352
A218: 44938 | B218: 2023 | C218: 12 | D218: =WEEKDAY(A218) -> 5 | F218: =IF(G218 > 0.5,1,0)+IF(H218 > 0.5,1,0)+IF(I218 > 0.5,1,0)+IF(J218 > 0.5,1,0)+IF(K218 > 0.5,1,0)+IF(L219 > 0.5,1,0) -> 3 | G218: 1 | H218: 0 | I218: 1 | J218: 0 | K218: 0 | L218: 1 | M218: 224.744 | N218: =IF(AND(M218 > 22.5,M218<=67.6),"NE",IF(AND(M218 > 67.5,M218<=112.5),"E",IF(AND(M218 > 112.5,M218<=157.5),"SE",IF(AND(M218 > 157.5,M218<=202.5),"S",IF(AND(M218 > 202.5,M218<=247.5),"SW",IF(AND(M218 > 247.5,M218<=292.5),"W",IF(AND(M218 > 292.5,M218<=337.5),"NW",IF(AND(M218 > 22.5,M218<=360),"N","N")))))))) -> SW | O218: 13.5 | P218: Overcast | Q218: 1.2 | R218: 10.86 | S218: 9.6 | T218: 11.8 | U218: 225.53 | V218: SW | W218: 0 | X218: 0 | Y218: 0 | Z218: 0 | AA218: 0 | AB218: 1 | AC218: 0 | AD218: 0 | AE218: 11.65 | AF218: 11.62 | AG218: 15.2 | AH218: Ww | AI218: =VLOOKUP(AH218,'Hess and Brezowsky'!$B$2:$G$31,2,FALSE) -> Zonal | AJ218: =VLOOKUP(AH218,'Hess and Brezowsky'!$B$2:$G$31,3,FALSE) -> M | AK218: =VLOOKUP(AH218,'Hess and Brezowsky'!$B$2:$G$31,4,FALSE) -> Maritime Westerly (Block Eastern Europe) | AL218: 0.32091435 | AM218: 0.49986111 | AN218: 0.6787963
A219: 44939 | B219: 2023 | C219: 13 | D219: =WEEKDAY(A219) -> 6 | F219: =IF(G219 > 0.5,1,0)+IF(H219 > 0.5,1,0)+IF(I219 > 0.5,1,0)+IF(J219 > 0.5,1,0)+IF(K219 > 0.5,1,0)+IF(L220 > 0.5,1,0) -> 2 | G219: 0 | H219: 0 | I219: 1 | J219: 0 | K219: 0 | L219: 1 | M219: 252.295 | N219: =IF(AND(M219 > 22.5,M219<=67.6),"NE",IF(AND(M219 > 67.5,M219<=112.5),"E",IF(AND(M219 > 112.5,M219<=157.5),"SE",IF(AND(M219 > 157.5,M219<=202.5),"S",IF(AND(M219 > 202.5,M219<=247.5),"SW",IF(AND(M219 > 247.5,M219<=292.5),"W",IF(AND(M219 > 292.5,M219<=337.5),"NW",IF(AND(M219 > 22.5,M219<=360),"N","N")))))))) -> W | O219: 11 | P219: Broken | Q219: 2.2 | R219: 9.38 | S219: 7.8 | T219: 11.2 | U219: 250.89 | V219: W | W219: 0 | X219: 0 | Y219: 0 | Z219: 0 | AA219: 0 | AB219: 0.29 | AC219: 0.71 | AD219: 0 | AE219: 12.89 | AF219: 12.78 | AG219: 16.3 | AH219: Wz | AI219: =VLOOKUP(AH219,'Hess and Brezowsky'!$B$2:$G$31,2,FALSE) -> Zonal | AJ219: =VLOOKUP(AH219,'Hess and Brezowsky'!$B$2:$G$31,3,FALSE) -> C | AK219: =VLOOKUP(AH219,'Hess and Brezowsky'!$B$2:$G$31,4,FALSE) -> Cyclonic Westerly | AL219: 0.32052083 | AM219: 0.50012731 | AN219: 0.6797338
... A241: 44961 | B241: 2023 | C241: 35 | D241: =WEEKDAY(A241) -> 7 | F241: =IF(G241 > 0.5,1,0)+IF(H241 > 0.5,1,0)+IF(I241 > 0.5,1,0)+IF(J241 > 0.5,1,0)+IF(K241 > 0.5,1,0)+IF(L242 > 0.5,1,0) -> 3 | G241: 1 | H241: 0 | I241: 1 | J241: 0 | K241: 0 | L241: 1 | M241: 335.291 | N241: =IF(AND(M241 > 22.5,M241<=67.6),"NE",IF(AND(M241 > 67.5,M241<=112.5),"E",IF(AND(M241 > 112.5,M241<=157.5),"SE",IF(AND(M241 > 157.5,M241<=202.5),"S",IF(AND(M241 > 202.5,M241<=247.5),"SW",IF(AND(M241 > 247.5,M241<=292.5),"W",IF(AND(M241 > 292.5,M241<=337.5),"NW",IF(AND(M241 > 22.5,M241<=360),"N","N")))))))) -> NW | O241: 6.2 | P241: Overcast | Q241: 1.2 | R241: 9.48 | S241: 8.4 | T241: 10.3 | U241: 325.17 | V241: NW | W241: 0.21 | X241: 0 | Y241: 0 | Z241: 0 | AA241: 0 | AB241: 0 | AC241: 0 | AD241: 0.79 | AE241: 6.31 | AF241: 6.15 | AG241: 10.6 | AH241: BM | AI241: =VLOOKUP(AH241,'Hess and Brezowsky'!$B$2:$G$31,2,FALSE) -> Mixed | AJ241: =VLOOKUP(AH241,'Hess and Brezowsky'!$B$2:$G$31,3,FALSE) -> A | AK241: =VLOOKUP(AH241,'Hess and Brezowsky'!$B$2:$G$31,4,FALSE) -> Zonal Ridge across Central Europe | AL241: 0.30456019 | AM241: 0.50399306 | AN241: 0.70342593
A242: 44962 | B242: 2023 | C242: 36 | D242: =WEEKDAY(A242) -> 1 | F242: =IF(G242 > 0.5,1,0)+IF(H242 > 0.5,1,0)+IF(I242 > 0.5,1,0)+IF(J242 > 0.5,1,0)+IF(K242 > 0.5,1,0)+IF(L243 > 0.5,1,0) -> 3 | G242: 1 | H242: 0 | I242: 1 | J242: 0 | K242: 0 | L242: 1 | M242: 0.359 | N242: =IF(AND(M242 > 22.5,M242<=67.6),"NE",IF(AND(M242 > 67.5,M242<=112.5),"E",IF(AND(M242 > 112.5,M242<=157.5),"SE",IF(AND(M242 > 157.5,M242<=202.5),"S",IF(AND(M242 > 202.5,M242<=247.5),"SW",IF(AND(M242 > 247.5,M242<=292.5),"W",IF(AND(M242 > 292.5,M242<=337.5),"NW",IF(AND(M242 > 22.5,M242<=360),"N","N")))))))) -> N | O242: 9.2 | P242: Broken | Q242: NA | R242: =NA() -> #N/A | S242: =NA() -> #N/A | T242: =NA() -> #N/A | U242: =NA() -> #N/A | V242: =NA() -> #N/A | W242: =NA() -> #N/A | X242: =NA() -> #N/A | Y242: =NA() -> #N/A | ... AG242: =NA() -> #N/A | AH242: BM | AI242: =VLOOKUP(AH242,'Hess and Brezowsky'!$B$2:$G$31,2,FALSE) -> Mixed | AJ242: =VLOOKUP(AH242,'Hess and Brezowsky'!$B$2:$G$31,3,FALSE) -> A | AK242: =VLOOKUP(AH242,'Hess and Brezowsky'!$B$2:$G$31,4,FALSE) -> Zonal Ridge across Central Europe | AL242: 0.30355324 | AM242: 0.5040625 | AN242: 0.70457176
A243: 44963 | B243: 2023 | C243: 37 | D243: =WEEKDAY(A243) -> 2 | F243: =IF(G243 > 0.5,1,0)+IF(H243 > 0.5,1,0)+IF(I243 > 0.5,1,0)+IF(J243 > 0.5,1,0)+IF(K243 > 0.5,1,0)+IF(L244 > 0.5,1,0) -> 3 | G243: 1 | H243: 0 | I243: 0.66 | J243: 0 | K243: 0 | L243: 1 | M243: 43.208 | N243: =IF(AND(M243 > 22.5,M243<=67.6),"NE",IF(AND(M243 > 67.5,M243<=112.5),"E",IF(AND(M243 > 112.5,M243<=157.5),"SE",IF(AND(M243 > 157.5,M243<=202.5),"S",IF(AND(M243 > 202.5,M243<=247.5),"SW",IF(AND(M243 > 247.5,M243<=292.5),"W",IF(AND(M243 > 292.5,M243<=337.5),"NW",IF(AND(M243 > 22.5,M243<=360),"N","N")))))))) -> NE | O243: 8.8 | P243: Few | Q243: 0.2 | R243: 4.55 | S243: 2.1 | T243: 7.9 | U243: 44.95 | V243: NE | W243: 0 | X243: 0.96 | Y243: 0.04 | Z243: 0 | AA243: 0 | AB243: 0 | AC243: 0 | AD243: 0 | AE243: 9.15 | AF243: 8.98 | AG243: 13 | AH243: BM | AI243: =VLOOKUP(AH243,'Hess and Brezowsky'!$B$2:$G$31,2,FALSE) -> Mixed | AJ243: =VLOOKUP(AH243,'Hess and Brezowsky'!$B$2:$G$31,3,FALSE) -> A | AK243: =VLOOKUP(AH243,'Hess and Brezowsky'!$B$2:$G$31,4,FALSE) -> Zonal Ridge across Central Europe | AL243: 0.30253472 | AM243: 0.50413194 | AN243: 0.70572917
A244: 44964 | B244: 2023 | C244: 38 | D244: =WEEKDAY(A244) -> 3 | F244: =IF(G244 > 0.5,1,0)+IF(H244 > 0.5,1,0)+IF(I244 > 0.5,1,0)+IF(J244 > 0.5,1,0)+IF(K244 > 0.5,1,0)+IF(L245 > 0.5,1,0) -> 2 | G244: 1 | H244: 0 | I244: 0.37 | J244: 0 | K244: 0 | L244: 1 | M244: 70.177 | N244: =IF(AND(M244 > 22.5,M244<=67.6),"NE",IF(AND(M244 > 67.5,M244<=112.5),"E",IF(AND(M244 > 112.5,M244<=157.5),"SE",IF(AND(M244 > 157.5,M244<=202.5),"S",IF(AND(M244 > 202.5,M244<=247.5),"SW",IF(AND(M244 > 247.5,M244<=292.5),"W",IF(AND(M244 > 292.5,M244<=337.5),"NW",IF(AND(M244 > 22.5,M244<=360),"N","N")))))))) -> E | O244: 7.9 | P244: Clear | Q244: 0.4 | R244: 3.2 | S244: 0.6 | T244: 6.7 | U244: 71.61 | V244: E | W244: 0 | X244: 0.33 | Y244: 0.67 | Z244: 0 | AA244: 0 | AB244: 0 | AC244: 0 | AD244: 0 | AE244: 7.26 | AF244: 7.16 | AG244: 11.9 | AH244: BM | AI244: =VLOOKUP(AH244,'Hess and Brezowsky'!$B$2:$G$31,2,FALSE) -> Mixed | AJ244: =VLOOKUP(AH244,'Hess and Brezowsky'!$B$2:$G$31,3,FALSE) -> A | AK244: =VLOOKUP(AH244,'Hess and Brezowsky'!$B$2:$G$31,4,FALSE) -> Zonal Ridge across Central Europe | AL244: 0.30148148 | AM244: 0.50418981 | AN244: 0.70688657
A245: 44965 | B245: 2023 | C245: 39 | D245: =WEEKDAY(A245) -> 4 | F245: =IF(G245 > 0.5,1,0)+IF(H245 > 0.5,1,0)+IF(I245 > 0.5,1,0)+IF(J245 > 0.5,1,0)+IF(K245 > 0.5,1,0)+IF(L246 > 0.5,1,0) -> 2 | G245: 1 | H245: 0 | I245: 0 | J245: 0 | K245: 0 | L245: 1 | M245: 98.108 | N245: =IF(AND(M245 > 22.5,M245<=67.6),"NE",IF(AND(M245 > 67.5,M245<=112.5),"E",IF(AND(M245 > 112.5,M245<=157.5),"SE",IF(AND(M245 > 157.5,M245<=202.5),"S",IF(AND(M245 > 202.5,M245<=247.5),"SW",IF(AND(M245 > 247.5,M245<=292.5),"W",IF(AND(M245 > 292.5,M245<=337.5),"NW",IF(AND(M245 > 22.5,M245<=360),"N","N")))))))) -> E | O245: 5.2 | P245: Clear | Q245: 0 | R245: 2.48 | S245: -0.5 | T245: 7.5 | U245: 102.65 | V245: E | W245: 0 | X245: 0.04 | Y245: 0.71 | Z245: 0.25 | AA245: 0 | AB245: 0 | AC245: 0 | AD245: 0 | AE245: 4.55 | AF245: 4.07 | AG245: 7.1 | AH245: BM | AI245: =VLOOKUP(AH245,'Hess and Brezowsky'!$B$2:$G$31,2,FALSE) -> Mixed | AJ245: =VLOOKUP(AH245,'Hess and Brezowsky'!$B$2:$G$31,3,FALSE) -> A | AK245: =VLOOKUP(AH245,'Hess and Brezowsky'!$B$2:$G$31,4,FALSE) -> Zonal Ridge across Central Europe | AL245: 0.30041667 | AM245: 0.50423611 | AN245: 0.70804398
A246: 44966 | B246: 2023 | C246: 40 | D246: =WEEKDAY(A246) -> 5 | F246: =IF(G246 > 0.5,1,0)+IF(H246 > 0.5,1,0)+IF(I246 > 0.5,1,0)+IF(J246 > 0.5,1,0)+IF(K246 > 0.5,1,0)+IF(L247 > 0.5,1,0) -> 2 | G246: 1 | H246: 0 | I246: 0.45 | J246: 0 | K246: 0 | L246: 1 | M246: 277.577 | N246: =IF(AND(M246 > 22.5,M246<=67.6),"NE",IF(AND(M246 > 67.5,M246<=112.5),"E",IF(AND(M246 > 112.5,M246<=157.5),"SE",IF(AND(M246 > 157.5,M246<=202.5),"S",IF(AND(M246 > 202.5,M246<=247.5),"SW",IF(AND(M246 > 247.5,M246<=292.5),"W",IF(AND(M246 > 292.5,M246<=337.5),"NW",IF(AND(M246 > 22.5,M246<=360),"N","N")))))))) -> W | O246: 2.3 | P246: Few | Q246: 0 | R246: 2.94 | S246: -2.1 | T246: 7.6 | U246: 286.67 | V246: W | W246: 0.08 | X246: 0 | Y246: 0 | Z246: 0 | AA246: 0.17 | AB246: 0.21 | AC246: 0.25 | AD246: 0.29 | AE246: 2.09 | AF246: 1.22 | AG246: 4.9 | AH246: BM | AI246: =VLOOKUP(AH246,'Hess and Brezowsky'!$B$2:$G$31,2,FALSE) -> Mixed | AJ246: =VLOOKUP(AH246,'Hess and Brezowsky'!$B$2:$G$31,3,FALSE) -> A | AK246: =VLOOKUP(AH246,'Hess and Brezowsky'!$B$2:$G$31,4,FALSE) -> Zonal Ridge across Central Europe | AL246: 0.2993287 | AM246: 0.50427083 | AN246: 0.70920139
A247: 44967 | B247: 2023 | C247: 41 | D247: =WEEKDAY(A247) -> 6 | F247: =IF(G247 > 0.5,1,0)+IF(H247 > 0.5,1,0)+IF(I247 > 0.5,1,0)+IF(J247 > 0.5,1,0)+IF(K247 > 0.5,1,0)+IF(L248 > 0.5,1,0) -> 3 | G247: 1 | H247: 0 | I247: 0.91 | J247: 0 | K247: 0 | L247: 1 | M247: 240.135 | N247: =IF(AND(M247 > 22.5,M247<=67.6),"NE",IF(AND(M247 > 67.5,M247<=112.5),"E",IF(AND(M247 > 112.5,M247<=157.5),"SE",IF(AND(M247 > 157.5,M247<=202.5),"S",IF(AND(M247 > 202.5,M247<=247.5),"SW",IF(AND(M247 > 247.5,M247<=292.5),"W",IF(AND(M247 > 292.5,M247<=337.5),"NW",IF(AND(M247 > 22.5,M247<=360),"N","N")))))))) -> SW | O247: 3.8 | P247: Broken | Q247: 0 | R247: 6.56 | S247: 4.2 | T247: 10.3 | U247: 249.51 | V247: W | W247: 0 | X247: 0 | Y247: 0 | Z247: 0 | AA247: 0 | AB247: 0.54 | AC247: 0.42 | AD247: 0.04 | AE247: 3.03 | AF247: 2.87 | AG247: 6 | AH247: HM | AI247: =VLOOKUP(AH247,'Hess and Brezowsky'!$B$2:$G$31,2,FALSE) -> Mixed | AJ247: =VLOOKUP(AH247,'Hess and Brezowsky'!$B$2:$G$31,3,FALSE) -> A | AK247: =VLOOKUP(AH247,'Hess and Brezowsky'!$B$2:$G$31,4,FALSE) -> High over Central Europe | AL247: 0.29822917 | AM247: 0.50429398 | AN247: 0.7103588
A248: 44968 | B248: 2023 | C248: 42 | D248: =WEEKDAY(A248) -> 7 | F248: =IF(G248 > 0.5,1,0)+IF(H248 > 0.5,1,0)+IF(I248 > 0.5,1,0)+IF(J248 > 0.5,1,0)+IF(K248 > 0.5,1,0)+IF(L249 > 0.5,1,0) -> 3 | G248: 1 | H248: 0 | I248: 0.75 | J248: 0 | K248: 0 | L248: 1 | M248: 9.987 | N248: =IF(AND(M248 > 22.5,M248<=67.6),"NE",IF(AND(M248 > 67.5,M248<=112.5),"E",IF(AND(M248 > 112.5,M248<=157.5),"SE",IF(AND(M248 > 157.5,M248<=202.5),"S",IF(AND(M248 > 202.5,M248<=247.5),"SW",IF(AND(M248 > 247.5,M248<=292.5),"W",IF(AND(M248 > 292.5,M248<=337.5),"NW",IF(AND(M248 > 22.5,M248<=360),"N","N")))))))) -> N | O248: 3.5 | P248: Broken | Q248: 0 | R248: 6.67 | S248: 1.9 | T248: 10.6 | U248: 6.77 | V248: N | W248: 0.04 | X248: 0.38 | Y248: 0.21 | Z248: 0 | AA248: 0 | AB248: 0 | AC248: 0.12 | AD248: 0.25 | AE248: 3.39 | AF248: 1.61 | AG248: 6 | AH248: HM | AI248: =VLOOKUP(AH248,'Hess and Brezowsky'!$B$2:$G$31,2,FALSE) -> Mixed | AJ248: =VLOOKUP(AH248,'Hess and Brezowsky'!$B$2:$G$31,3,FALSE) -> A | AK248: =VLOOKUP(AH248,'Hess and Brezowsky'!$B$2:$G$31,4,FALSE) -> High over Central Europe | AL248: 0.29710648 | AM248: 0.50430556 | AN248: 0.7115162
A249: 44969 | B249: 2023 | C249: 43 | D249: =WEEKDAY(A249) -> 1 | F249: =IF(G249 > 0.5,1,0)+IF(H249 > 0.5,1,0)+IF(I249 > 0.5,1,0)+IF(J249 > 0.5,1,0)+IF(K249 > 0.5,1,0)+IF(L250 > 0.5,1,0) -> 3 | G249: 1 | H249: 0 | I249: 0.66 | J249: 0 | K249: 0 | L249: 1 | M249: 96.352 | N249: =IF(AND(M249 > 22.5,M249<=67.6),"NE",IF(AND(M249 > 67.5,M249<=112.5),"E",IF(AND(M249 > 112.5,M249<=157.5),"SE",IF(AND(M249 > 157.5,M249<=202.5),"S",IF(AND(M249 > 202.5,M249<=247.5),"SW",IF(AND(M249 > 247.5,M249<=292.5),"W",IF(AND(M249 > 292.5,M249<=337.5),"NW",IF(AND(M249 > 22.5,M249<=360),"N","N")))))))) -> E | O249: 6 | P249: Overcast | Q249: 0 | R249: 7.55 | S249: 5.2 | T249: 9.6 | U249: 100.31 | V249: E | W249: 0 | X249: 0 | Y249: 0.96 | Z249: 0.04 | AA249: 0 | AB249: 0 | AC249: 0 | AD249: 0 | AE249: 5.76 | AF249: 5.69 | AG249: 8.5 | AH249: HM | AI249: =VLOOKUP(AH249,'Hess and Brezowsky'!$B$2:$G$31,2,FALSE) -> Mixed | AJ249: =VLOOKUP(AH249,'Hess and Brezowsky'!$B$2:$G$31,3,FALSE) -> A | AK249: =VLOOKUP(AH249,'Hess and Brezowsky'!$B$2:$G$31,4,FALSE) -> High over Central Europe | AL249: 0.29596065 | AM249: 0.50431713 | AN249: 0.71267361
A250: 44970 | B250: 2023 | C250: 44 | D250: =WEEKDAY(A250) -> 2 | F250: =IF(G250 > 0.5,1,0)+IF(H250 > 0.5,1,0)+IF(I250 > 0.5,1,0)+IF(J250 > 0.5,1,0)+IF(K250 > 0.5,1,0)+IF(L251 > 0.5,1,0) -> 2 | G250: 1 | H250: 0 | I250: 0.04 | J250: 0 | K250: 0 | L250: 1 | M250: 148.312 | N250: =IF(AND(M250 > 22.5,M250<=67.6),"NE",IF(AND(M250 > 67.5,M250<=112.5),"E",IF(AND(M250 > 112.5,M250<=157.5),"SE",IF(AND(M250 > 157.5,M250<=202.5),"S",IF(AND(M250 > 202.5,M250<=247.5),"SW",IF(AND(M250 > 247.5,M250<=292.5),"W",IF(AND(M250 > 292.5,M250<=337.5),"NW",IF(AND(M250 > 22.5,M250<=360),"N","N")))))))) -> SE | O250: 4.7 | P250: Few | Q250: 0 | R250: 6.89 | S250: 3.2 | T250: 12.2 | U250: 149.62 | V250: SE | W250: 0 | X250: 0 | Y250: 0 | Z250: 0.79 | AA250: 0.17 | AB250: 0.04 | AC250: 0 | AD250: 0 | AE250: 4.73 | AF250: 4.58 | AG250: 9 | AH250: HM | AI250: =VLOOKUP(AH250,'Hess and Brezowsky'!$B$2:$G$31,2,FALSE) -> Mixed | AJ250: =VLOOKUP(AH250,'Hess and Brezowsky'!$B$2:$G$31,3,FALSE) -> A | AK250: =VLOOKUP(AH250,'Hess and Brezowsky'!$B$2:$G$31,4,FALSE) -> High over Central Europe | AL250: 0.29480324 | AM250: 0.50431713 | AN250: 0.71381944
A251: 44971 | B251: 2023 | C251: 45 | D251: =WEEKDAY(A251) -> 3 | F251: =IF(G251 > 0.5,1,0)+IF(H251 > 0.5,1,0)+IF(I251 > 0.5,1,0)+IF(J251 > 0.5,1,0)+IF(K251 > 0.5,1,0)+IF(L252 > 0.5,1,0) -> 2 | G251: 1 | H251: 0 | I251: 0.08 | J251: 0 | K251: 0 | L251: 1 | M251: 130.405 | N251: =IF(AND(M251 > 22.5,M251<=67.6),"NE",IF(AND(M251 > 67.5,M251<=112.5),"E",IF(AND(M251 > 112.5,M251<=157.5),"SE",IF(AND(M251 > 157.5,M251<=202.5),"S",IF(AND(M251 > 202.5,M251<=247.5),"SW",IF(AND(M251 > 247.5,M251<=292.5),"W",IF(AND(M251 > 292.5,M251<=337.5),"NW",IF(AND(M251 > 22.5,M251<=360),"N","N")))))))) -> SE | O251: 3.7 | P251: Few | Q251: 0 | R251: 6.98 | S251: 1.6 | T251: 13.4 | U251: 137.23 | V251: SE | W251: 0.04 | X251: 0 | Y251: 0.21 | Z251: 0.54 | AA251: 0 | AB251: 0.17 | AC251: 0.04 | AD251: 0 | AE251: 3.78 | AF251: 2.92 | AG251: 9.8 | AH251: HM | AI251: =VLOOKUP(AH251,'Hess and Brezowsky'!$B$2:$G$31,2,FALSE) -> Mixed | AJ251: =VLOOKUP(AH251,'Hess and Brezowsky'!$B$2:$G$31,3,FALSE) -> A | AK251: =VLOOKUP(AH251,'Hess and Brezowsky'!$B$2:$G$31,4,FALSE) -> High over Central Europe | AL251: 0.29363426 | AM251: 0.50430556 | AN251: 0.71497685
A252: 44972 | B252: 2023 | C252: 46 | D252: =WEEKDAY(A252) -> 4 | F252: =IF(G252 > 0.5,1,0)+IF(H252 > 0.5,1,0)+IF(I252 > 0.5,1,0)+IF(J252 > 0.5,1,0)+IF(K252 > 0.5,1,0)+IF(L253 > 0.5,1,0) -> 2 | G252: 1 | H252: 0 | I252: 0.08 | J252: 0 | K252: 0 | L252: 1 | M252: 222.352 | N252: =IF(AND(M252 > 22.5,M252<=67.6),"NE",IF(AND(M252 > 67.5,M252<=112.5),"E",IF(AND(M252 > 112.5,M252<=157.5),"SE",IF(AND(M252 > 157.5,M252<=202.5),"S",IF(AND(M252 > 202.5,M252<=247.5),"SW",IF(AND(M252 > 247.5,M252<=292.5),"W",IF(AND(M252 > 292.5,M252<=337.5),"NW",IF(AND(M252 > 22.5,M252<=360),"N","N")))))))) -> SW | O252: 5.7 | P252: Broken | Q252: 0 | R252: 7.02 | S252: 2.5 | T252: 12.2 | U252: 221.75 | V252: SW | W252: 0 | X252: 0 | Y252: 0 | Z252: 0 | AA252: 0.29 | AB252: 0.5 | AC252: 0.21 | AD252: 0 | AE252: 4.79 | AF252: 4.35 | AG252: 11 | AH252: Wz | AI252: =VLOOKUP(AH252,'Hess and Brezowsky'!$B$2:$G$31,2,FALSE) -> Zonal | AJ252: =VLOOKUP(AH252,'Hess and Brezowsky'!$B$2:$G$31,3,FALSE) -> C | AK252: =VLOOKUP(AH252,'Hess and Brezowsky'!$B$2:$G$31,4,FALSE) -> Cyclonic Westerly | AL252: 0.29244213 | AM252: 0.50428241 | AN252: 0.71612269
A253: 44973 | B253: 2023 | C253: 47 | D253: =WEEKDAY(A253) -> 5 | F253: =IF(G253 > 0.5,1,0)+IF(H253 > 0.5,1,0)+IF(I253 > 0.5,1,0)+IF(J253 > 0.5,1,0)+IF(K253 > 0.5,1,0)+IF(L254 > 0.5,1,0) -> 3 | G253: 1 | H253: 0 | I253: 0.58 | J253: 0 | K253: 0 | L253: 1 | M253: 238.302 | N253: =IF(AND(M253 > 22.5,M253<=67.6),"NE",IF(AND(M253 > 67.5,M253<=112.5),"E",IF(AND(M253 > 112.5,M253<=157.5),"SE",IF(AND(M253 > 157.5,M253<=202.5),"S",IF(AND(M253 > 202.5,M253<=247.5),"SW",IF(AND(M253 > 247.5,M253<=292.5),"W",IF(AND(M253 > 292.5,M253<=337.5),"NW",IF(AND(M253 > 22.5,M253<=360),"N","N")))))))) -> SW | O253: 8.9 | P253: Broken | Q253: 0 | R253: 9.41 | S253: 4.2 | T253: 14.6 | U253: 239.89 | V253: SW | W253: 0 | X253: 0 | Y253: 0 | Z253: 0 | AA253: 0 | AB253: 0.83 | AC253: 0.17 | AD253: 0 | AE253: 8.21 | AF253: 8.12 | AG253: 11.6 | AH253: Wz | AI253: =VLOOKUP(AH253,'Hess and Brezowsky'!$B$2:$G$31,2,FALSE) -> Zonal | AJ253: =VLOOKUP(AH253,'Hess and Brezowsky'!$B$2:$G$31,3,FALSE) -> C | AK253: =VLOOKUP(AH253,'Hess and Brezowsky'!$B$2:$G$31,4,FALSE) -> Cyclonic Westerly | AL253: 0.29123843 | AM253: 0.50425926 | AN253: 0.71726852
A254: 44974 | B254: 2023 | C254: 48 | D254: =WEEKDAY(A254) -> 6 | F254: =IF(G254 > 0.5,1,0)+IF(H254 > 0.5,1,0)+IF(I254 > 0.5,1,0)+IF(J254 > 0.5,1,0)+IF(K254 > 0.5,1,0)+IF(L255 > 0.5,1,0) -> 2 | G254: 1 | H254: 0 | I254: 0 | J254: 0 | K254: 0 | L254: 1 | M254: 255.217 | N254: =IF(AND(M254 > 22.5,M254<=67.6),"NE",IF(AND(M254 > 67.5,M254<=112.5),"E",IF(AND(M254 > 112.5,M254<=157.5),"SE",IF(AND(M254 > 157.5,M254<=202.5),"S",IF(AND(M254 > 202.5,M254<=247.5),"SW",IF(AND(M254 > 247.5,M254<=292.5),"W",IF(AND(M254 > 292.5,M254<=337.5),"NW",IF(AND(M254 > 22.5,M254<=360),"N","N")))))))) -> W | O254: 8.3 | P254: Overcast | Q254: 0 | R254: 12.94 | S254: 11 | T254: 15.7 | U254: 255.19 | V254: W | W254: 0 | X254: 0 | Y254: 0 | Z254: 0 | AA254: 0 | AB254: 0.25 | AC254: 0.75 | AD254: 0 | AE254: 8.95 | AF254: 8.72 | AG254: 11 | AH254: Wz | AI254: =VLOOKUP(AH254,'Hess and Brezowsky'!$B$2:$G$31,2,FALSE) -> Zonal | AJ254: =VLOOKUP(AH254,'Hess and Brezowsky'!$B$2:$G$31,3,FALSE) -> C | AK254: =VLOOKUP(AH254,'Hess and Brezowsky'!$B$2:$G$31,4,FALSE) -> Cyclonic Westerly | AL254: 0.29002315 | AM254: 0.50421296 | AN254: 0.71841435
... A410: 45130 | B410: 2023 | C410: 204 | D410: =WEEKDAY(A410) -> 1 | F410: =IF(G410 > 0.5,1,0)+IF(H410 > 0.5,1,0)+IF(I410 > 0.5,1,0)+IF(J410 > 0.5,1,0)+IF(K410 > 0.5,1,0)+IF(L411 > 0.5,1,0) -> 4 | G410: 1 | H410: 0 | I410: 1 | J410: 1 | K410: 0 | L410: 1 | M410: 222.856 | N410: =IF(AND(M410 > 22.5,M410<=67.6),"NE",IF(AND(M410 > 67.5,M410<=112.5),"E",IF(AND(M410 > 112.5,M410<=157.5),"SE",IF(AND(M410 > 157.5,M410<=202.5),"S",IF(AND(M410 > 202.5,M410<=247.5),"SW",IF(AND(M410 > 247.5,M410<=292.5),"W",IF(AND(M410 > 292.5,M410<=337.5),"NW",IF(AND(M410 > 22.5,M410<=360),"N","N")))))))) -> SW | O410: 10.6 | P410: Overcast | Q410: 0.6 | R410: 20.74 | S410: 17.6 | T410: 25 | U410: 220.47 | V410: SW | W410: 0 | X410: 0 | Y410: 0 | Z410: 0 | AA410: 0 | AB410: 1 | AC410: 0 | AD410: 0 | AE410: 8.8 | AF410: 8.67 | AG410: 16.2 | AH410: Wz | AI410: =VLOOKUP(AH410,'Hess and Brezowsky'!$B$2:$G$31,2,FALSE) -> Zonal | AJ410: =VLOOKUP(AH410,'Hess and Brezowsky'!$B$2:$G$31,3,FALSE) -> C | AK410: =VLOOKUP(AH410,'Hess and Brezowsky'!$B$2:$G$31,4,FALSE) -> Cyclonic Westerly | AL410: 0.17559028 | AM410: 0.49872685 | AN410: 0.821875
A411: 45131 | B411: 2023 | C411: 205 | D411: =WEEKDAY(A411) -> 2 | F411: =IF(G411 > 0.5,1,0)+IF(H411 > 0.5,1,0)+IF(I411 > 0.5,1,0)+IF(J411 > 0.5,1,0)+IF(K411 > 0.5,1,0)+IF(L412 > 0.5,1,0) -> 4 | G411: 1 | H411: 0 | I411: 1 | J411: 1 | K411: 0 | L411: 0.95 | M411: 247.884 | N411: =IF(AND(M411 > 22.5,M411<=67.6),"NE",IF(AND(M411 > 67.5,M411<=112.5),"E",IF(AND(M411 > 112.5,M411<=157.5),"SE",IF(AND(M411 > 157.5,M411<=202.5),"S",IF(AND(M411 > 202.5,M411<=247.5),"SW",IF(AND(M411 > 247.5,M411<=292.5),"W",IF(AND(M411 > 292.5,M411<=337.5),"NW",IF(AND(M411 > 22.5,M411<=360),"N","N")))))))) -> W | O411: 7.2 | P411: Broken | Q411: NA | R411: =NA() -> #N/A | S411: =NA() -> #N/A | T411: =NA() -> #N/A | U411: =NA() -> #N/A | V411: =NA() -> #N/A | W411: =NA() -> #N/A | X411: =NA() -> #N/A | Y411: =NA() -> #N/A | ... AG411: =NA() -> #N/A | AH411: Wz | AI411: =VLOOKUP(AH411,'Hess and Brezowsky'!$B$2:$G$31,2,FALSE) -> Zonal | AJ411: =VLOOKUP(AH411,'Hess and Brezowsky'!$B$2:$G$31,3,FALSE) -> C | AK411: =VLOOKUP(AH411,'Hess and Brezowsky'!$B$2:$G$31,4,FALSE) -> Cyclonic Westerly | AL411: 0.17644676 | AM411: 0.49875 | AN411: 0.82106481
A412: 45132 | B412: 2023 | C412: 206 | D412: =WEEKDAY(A412) -> 3 | F412: =IF(G412 > 0.5,1,0)+IF(H412 > 0.5,1,0)+IF(I412 > 0.5,1,0)+IF(J412 > 0.5,1,0)+IF(K412 > 0.5,1,0)+IF(L413 > 0.5,1,0) -> 4 | G412: 1 | H412: 0 | I412: 1 | J412: 1 | K412: 0 | L412: 1 | M412: 320.324 | N412: =IF(AND(M412 > 22.5,M412<=67.6),"NE",IF(AND(M412 > 67.5,M412<=112.5),"E",IF(AND(M412 > 112.5,M412<=157.5),"SE",IF(AND(M412 > 157.5,M412<=202.5),"S",IF(AND(M412 > 202.5,M412<=247.5),"SW",IF(AND(M412 > 247.5,M412<=292.5),"W",IF(AND(M412 > 292.5,M412<=337.5),"NW",IF(AND(M412 > 22.5,M412<=360),"N","N")))))))) -> NW | O412: 6.1 | P412: Broken | Q412: 16.8 | R412: 16.71 | S412: 13.8 | T412: 20.2 | U412: 315.38 | V412: NW | W412: 0.29 | X412: 0.08 | Y412: 0 | Z412: 0 | AA412: 0 | AB412: 0 | AC412: 0.33 | AD412: 0.29 | AE412: 6.79 | AF412: 5.47 | AG412: 10.8 | AH412: Ü | AI412: =VLOOKUP(AH412,'Hess and Brezowsky'!$B$2:$G$31,2,FALSE) -> Undefined | AJ412: =VLOOKUP(AH412,'Hess and Brezowsky'!$B$2:$G$31,3,FALSE) -> M | AK412: =VLOOKUP(AH412,'Hess and Brezowsky'!$B$2:$G$31,4,FALSE) -> Transistion / Undefined | AL412: 0.17730324 | AM412: 0.49877315 | AN412: 0.82024306
A413: 45133 | B413: 2023 | C413: 207 | D413: =WEEKDAY(A413) -> 4 | F413: =IF(G413 > 0.5,1,0)+IF(H413 > 0.5,1,0)+IF(I413 > 0.5,1,0)+IF(J413 > 0.5,1,0)+IF(K413 > 0.5,1,0)+IF(L414 > 0.5,1,0) -> 4 | G413: 1 | H413: 0 | I413: 1 | J413: 1 | K413: 0 | L413: 1 | M413: 243.18 | N413: =IF(AND(M413 > 22.5,M413<=67.6),"NE",IF(AND(M413 > 67.5,M413<=112.5),"E",IF(AND(M413 > 112.5,M413<=157.5),"SE",IF(AND(M413 > 157.5,M413<=202.5),"S",IF(AND(M413 > 202.5,M413<=247.5),"SW",IF(AND(M413 > 247.5,M413<=292.5),"W",IF(AND(M413 > 292.5,M413<=337.5),"NW",IF(AND(M413 > 22.5,M413<=360),"N","N")))))))) -> SW | O413: 6.4 | P413: Broken | Q413: 0 | R413: 18.68 | S413: 12.3 | T413: 24 | U413: 243.1 | V413: SW | W413: 0 | X413: 0 | Y413: 0 | Z413: 0 | AA413: 0.17 | AB413: 0.33 | AC413: 0.5 | AD413: 0 | AE413: 5.96 | AF413: 5.14 | AG413: 11.6 | AH413: Ü | AI413: =VLOOKUP(AH413,'Hess and Brezowsky'!$B$2:$G$31,2,FALSE) -> Undefined | AJ413: =VLOOKUP(AH413,'Hess and Brezowsky'!$B$2:$G$31,3,FALSE) -> M | AK413: =VLOOKUP(AH413,'Hess and Brezowsky'!$B$2:$G$31,4,FALSE) -> Transistion / Undefined | AL413: 0.17818287 | AM413: 0.49878472 | AN413: 0.81938657
A414: 45134 | B414: 2023 | C414: 208 | D414: =WEEKDAY(A414) -> 5 | F414: =IF(G414 > 0.5,1,0)+IF(H414 > 0.5,1,0)+IF(I414 > 0.5,1,0)+IF(J414 > 0.5,1,0)+IF(K414 > 0.5,1,0)+IF(L415 > 0.5,1,0) -> 4 | G414: 1 | H414: 0 | I414: 1 | J414: 0.91 | K414: 0 | L414: 0.87 | M414: 240.958 | N414: =IF(AND(M414 > 22.5,M414<=67.6),"NE",IF(AND(M414 > 67.5,M414<=112.5),"E",IF(AND(M414 > 112.5,M414<=157.5),"SE",IF(AND(M414 > 157.5,M414<=202.5),"S",IF(AND(M414 > 202.5,M414<=247.5),"SW",IF(AND(M414 > 247.5,M414<=292.5),"W",IF(AND(M414 > 292.5,M414<=337.5),"NW",IF(AND(M414 > 22.5,M414<=360),"N","N")))))))) -> SW | O414: 9.5 | P414: Broken | Q414: 3.2 | R414: 19.54 | S414: 18.7 | T414: 22.2 | U414: 238.84 | V414: SW | W414: 0 | X414: 0 | Y414: 0 | Z414: 0 | AA414: 0 | AB414: 0.96 | AC414: 0.04 | AD414: 0 | AE414: 9.2 | AF414: 9.13 | AG414: 13.5 | AH414: Wz | AI414: =VLOOKUP(AH414,'Hess and Brezowsky'!$B$2:$G$31,2,FALSE) -> Zonal | AJ414: =VLOOKUP(AH414,'Hess and Brezowsky'!$B$2:$G$31,3,FALSE) -> C | AK414: =VLOOKUP(AH414,'Hess and Brezowsky'!$B$2:$G$31,4,FALSE) -> Cyclonic Westerly | AL414: 0.17907407 | AM414: 0.4987963 | AN414: 0.81851852
A415: 45135 | B415: 2023 | C415: 209 | D415: =WEEKDAY(A415) -> 6 | F415: =IF(G415 > 0.5,1,0)+IF(H415 > 0.5,1,0)+IF(I415 > 0.5,1,0)+IF(J415 > 0.5,1,0)+IF(K415 > 0.5,1,0)+IF(L416 > 0.5,1,0) -> 4 | G415: 1 | H415: 0 | I415: 1 | J415: 1 | K415: 0 | L415: 0.91 | M415: 226.314 | N415: =IF(AND(M415 > 22.5,M415<=67.6),"NE",IF(AND(M415 > 67.5,M415<=112.5),"E",IF(AND(M415 > 112.5,M415<=157.5),"SE",IF(AND(M415 > 157.5,M415<=202.5),"S",IF(AND(M415 > 202.5,M415<=247.5),"SW",IF(AND(M415 > 247.5,M415<=292.5),"W",IF(AND(M415 > 292.5,M415<=337.5),"NW",IF(AND(M415 > 22.5,M415<=360),"N","N")))))))) -> SW | O415: 6.4 | P415: Broken | Q415: 51.5 | R415: 20.41 | S415: 18.6 | T415: 24.7 | U415: 233.77 | V415: SW | W415: 0.04 | X415: 0.04 | Y415: 0 | Z415: 0 | AA415: 0.08 | AB415: 0.67 | AC415: 0.12 | AD415: 0.04 | AE415: 5.65 | AF415: 5.1 | AG415: 9.3 | AH415: Wz | AI415: =VLOOKUP(AH415,'Hess and Brezowsky'!$B$2:$G$31,2,FALSE) -> Zonal | AJ415: =VLOOKUP(AH415,'Hess and Brezowsky'!$B$2:$G$31,3,FALSE) -> C | AK415: =VLOOKUP(AH415,'Hess and Brezowsky'!$B$2:$G$31,4,FALSE) -> Cyclonic Westerly | AL415: 0.17996528 | AM415: 0.4987963 | AN415: 0.81761574
A416: 45136 | B416: 2023 | C416: 210 | D416: =WEEKDAY(A416) -> 7 | F416: =IF(G416 > 0.5,1,0)+IF(H416 > 0.5,1,0)+IF(I416 > 0.5,1,0)+IF(J416 > 0.5,1,0)+IF(K416 > 0.5,1,0)+IF(L417 > 0.5,1,0) -> 4 | G416: 1 | H416: 0 | I416: 1 | J416: 0.95 | K416: 0 | L416: 1 | M416: 247.473 | N416: =IF(AND(M416 > 22.5,M416<=67.6),"NE",IF(AND(M416 > 67.5,M416<=112.5),"E",IF(AND(M416 > 112.5,M416<=157.5),"SE",IF(AND(M416 > 157.5,M416<=202.5),"S",IF(AND(M416 > 202.5,M416<=247.5),"SW",IF(AND(M416 > 247.5,M416<=292.5),"W",IF(AND(M416 > 292.5,M416<=337.5),"NW",IF(AND(M416 > 22.5,M416<=360),"N","N")))))))) -> SW | O416: 7 | P416: Broken | Q416: 1.8 | R416: 20.61 | S416: 16.9 | T416: 25.8 | U416: 248.3 | V416: W | W416: 0.04 | X416: 0.04 | Y416: 0 | Z416: 0 | AA416: 0 | AB416: 0.62 | AC416: 0.12 | AD416: 0.17 | AE416: 6.5 | AF416: 5.41 | AG416: 11.5 | AH416: Wz | AI416: =VLOOKUP(AH416,'Hess and Brezowsky'!$B$2:$G$31,2,FALSE) -> Zonal | AJ416: =VLOOKUP(AH416,'Hess and Brezowsky'!$B$2:$G$31,3,FALSE) -> C | AK416: =VLOOKUP(AH416,'Hess and Brezowsky'!$B$2:$G$31,4,FALSE) -> Cyclonic Westerly | AL416: 0.18086806 | AM416: 0.49878472 | AN416: 0.81670139
A417: 45137 | B417: 2023 | C417: 211 | D417: =WEEKDAY(A417) -> 1 | F417: =IF(G417 > 0.5,1,0)+IF(H417 > 0.5,1,0)+IF(I417 > 0.5,1,0)+IF(J417 > 0.5,1,0)+IF(K417 > 0.5,1,0)+IF(L418 > 0.5,1,0) -> 3 | G417: 1 | H417: 0 | I417: 1 | J417: 0.5 | K417: 0 | L417: 1 | M417: 256.706 | N417: =IF(AND(M417 > 22.5,M417<=67.6),"NE",IF(AND(M417 > 67.5,M417<=112.5),"E",IF(AND(M417 > 112.5,M417<=157.5),"SE",IF(AND(M417 > 157.5,M417<=202.5),"S",IF(AND(M417 > 202.5,M417<=247.5),"SW",IF(AND(M417 > 247.5,M417<=292.5),"W",IF(AND(M417 > 292.5,M417<=337.5),"NW",IF(AND(M417 > 22.5,M417<=360),"N","N")))))))) -> W | O417: 7.7 | P417: Broken | Q417: 0 | R417: 19.51 | S417: 15.7 | T417: 24.1 | U417: 253.49 | V417: W | W417: 0 | X417: 0 | Y417: 0 | Z417: 0 | AA417: 0 | AB417: 0.46 | AC417: 0.54 | AD417: 0 | AE417: 8.23 | AF417: 8.03 | AG417: 11.7 | AH417: Wz | AI417: =VLOOKUP(AH417,'Hess and Brezowsky'!$B$2:$G$31,2,FALSE) -> Zonal | AJ417: =VLOOKUP(AH417,'Hess and Brezowsky'!$B$2:$G$31,3,FALSE) -> C | AK417: =VLOOKUP(AH417,'Hess and Brezowsky'!$B$2:$G$31,4,FALSE) -> Cyclonic Westerly | AL417: 0.18178241 | AM417: 0.49877315 | AN417: 0.81575231
A418: 45138 | B418: 2023 | C418: 212 | D418: =WEEKDAY(A418) -> 2 | F418: =IF(G418 > 0.5,1,0)+IF(H418 > 0.5,1,0)+IF(I418 > 0.5,1,0)+IF(J418 > 0.5,1,0)+IF(K418 > 0.5,1,0)+IF(L419 > 0.5,1,0) -> 4 | G418: 1 | H418: 0 | I418: 1 | J418: 0.95 | K418: 0 | L418: 0.95 | M418: 228.255 | N418: =IF(AND(M418 > 22.5,M418<=67.6),"NE",IF(AND(M418 > 67.5,M418<=112.5),"E",IF(AND(M418 > 112.5,M418<=157.5),"SE",IF(AND(M418 > 157.5,M418<=202.5),"S",IF(AND(M418 > 202.5,M418<=247.5),"SW",IF(AND(M418 > 247.5,M418<=292.5),"W",IF(AND(M418 > 292.5,M418<=337.5),"NW",IF(AND(M418 > 22.5,M418<=360),"N","N")))))))) -> SW | O418: 11.1 | P418: Overcast | Q418: 7.4 | R418: 18.83 | S418: 17.6 | T418: 21.4 | U418: 228.58 | V418: SW | W418: 0 | X418: 0 | Y418: 0 | Z418: 0 | AA418: 0 | AB418: 1 | AC418: 0 | AD418: 0 | AE418: 10.31 | AF418: 10.2 | AG418: 16.6 | AH418: Wz | AI418: =VLOOKUP(AH418,'Hess and Brezowsky'!$B$2:$G$31,2,FALSE) -> Zonal | AJ418: =VLOOKUP(AH418,'Hess and Brezowsky'!$B$2:$G$31,3,FALSE) -> C | AK418: =VLOOKUP(AH418,'Hess and Brezowsky'!$B$2:$G$31,4,FALSE) -> Cyclonic Westerly | AL418: 0.18270833 | AM418: 0.49875 | AN418: 0.81479167
A419: 45139 | B419: 2023 | C419: 213 | D419: =WEEKDAY(A419) -> 3 | F419: =IF(G419 > 0.5,1,0)+IF(H419 > 0.5,1,0)+IF(I419 > 0.5,1,0)+IF(J419 > 0.5,1,0)+IF(K419 > 0.5,1,0)+IF(L420 > 0.5,1,0) -> 4 | G419: 1 | H419: 0 | I419: 1 | J419: 1 | K419: 0 | L419: 1 | M419: 253.912 | N419: =IF(AND(M419 > 22.5,M419<=67.6),"NE",IF(AND(M419 > 67.5,M419<=112.5),"E",IF(AND(M419 > 112.5,M419<=157.5),"SE",IF(AND(M419 > 157.5,M419<=202.5),"S",IF(AND(M419 > 202.5,M419<=247.5),"SW",IF(AND(M419 > 247.5,M419<=292.5),"W",IF(AND(M419 > 292.5,M419<=337.5),"NW",IF(AND(M419 > 22.5,M419<=360),"N","N")))))))) -> W | O419: 9.9 | P419: Broken | Q419: 7.4 | R419: 19.04 | S419: 15.6 | T419: 22.6 | U419: 253.41 | V419: W | W419: 0 | X419: 0 | Y419: 0 | Z419: 0 | AA419: 0.04 | AB419: 0.38 | AC419: 0.54 | AD419: 0.04 | AE419: 10.1 | AF419: 9.16 | AG419: 17.2 | AH419: Wz | AI419: =VLOOKUP(AH419,'Hess and Brezowsky'!$B$2:$G$31,2,FALSE) -> Zonal | AJ419: =VLOOKUP(AH419,'Hess and Brezowsky'!$B$2:$G$31,3,FALSE) -> C | AK419: =VLOOKUP(AH419,'Hess and Brezowsky'!$B$2:$G$31,4,FALSE) -> Cyclonic Westerly | AL419: 0.18363426 | AM419: 0.49872685 | AN419: 0.81380787
A420: 45140 | B420: 2023 | C420: 214 | D420: =WEEKDAY(A420) -> 4 | F420: =IF(G420 > 0.5,1,0)+IF(H420 > 0.5,1,0)+IF(I420 > 0.5,1,0)+IF(J420 > 0.5,1,0)+IF(K420 > 0.5,1,0)+IF(L421 > 0.5,1,0) -> 4 | G420: 1 | H420: 0 | I420: 1 | J420: 1 | K420: 0 | L420: 1 | M420: 228.699 | N420: =IF(AND(M420 > 22.5,M420<=67.6),"NE",IF(AND(M420 > 67.5,M420<=112.5),"E",IF(AND(M420 > 112.5,M420<=157.5),"SE",IF(AND(M420 > 157.5,M420<=202.5),"S",IF(AND(M420 > 202.5,M420<=247.5),"SW",IF(AND(M420 > 247.5,M420<=292.5),"W",IF(AND(M420 > 292.5,M420<=337.5),"NW",IF(AND(M420 > 22.5,M420<=360),"N","N")))))))) -> SW | O420: 14.7 | P420: Broken | Q420: 25 | R420: 19.99 | S420: 16.9 | T420: 24.7 | U420: 226.81 | V420: SW | W420: 0 | X420: 0 | Y420: 0 | Z420: 0 | AA420: 0.12 | AB420: 0.88 | AC420: 0 | AD420: 0 | AE420: 13.91 | AF420: 13.52 | AG420: 22.3 | AH420: Wz | AI420: =VLOOKUP(AH420,'Hess and Brezowsky'!$B$2:$G$31,2,FALSE) -> Zonal | AJ420: =VLOOKUP(AH420,'Hess and Brezowsky'!$B$2:$G$31,3,FALSE) -> C | AK420: =VLOOKUP(AH420,'Hess and Brezowsky'!$B$2:$G$31,4,FALSE) -> Cyclonic Westerly | AL420: 0.18457176 | AM420: 0.49869213 | AN420: 0.81280093
A421: 45141 | B421: 2023 | C421: 215 | D421: =WEEKDAY(A421) -> 5 | F421: =IF(G421 > 0.5,1,0)+IF(H421 > 0.5,1,0)+IF(I421 > 0.5,1,0)+IF(J421 > 0.5,1,0)+IF(K421 > 0.5,1,0)+IF(L422 > 0.5,1,0) -> 4 | G421: 1 | H421: 0 | I421: 1 | J421: 1 | K421: 0 | L421: 0.95 | M421: 260.193 | N421: =IF(AND(M421 > 22.5,M421<=67.6),"NE",IF(AND(M421 > 67.5,M421<=112.5),"E",IF(AND(M421 > 112.5,M421<=157.5),"SE",IF(AND(M421 > 157.5,M421<=202.5),"S",IF(AND(M421 > 202.5,M421<=247.5),"SW",IF(AND(M421 > 247.5,M421<=292.5),"W",IF(AND(M421 > 292.5,M421<=337.5),"NW",IF(AND(M421 > 22.5,M421<=360),"N","N")))))))) -> W | O421: 8.8 | P421: Broken | Q421: 4.6 | R421: 17.05 | S421: 15.4 | T421: 19.9 | U421: 260.66 | V421: W | W421: 0.08 | X421: 0 | Y421: 0 | Z421: 0 | AA421: 0 | AB421: 0.54 | AC421: 0.04 | AD421: 0.33 | AE421: 9.55 | AF421: 7.35 | AG421: 15.5 | AH421: Wz | AI421: =VLOOKUP(AH421,'Hess and Brezowsky'!$B$2:$G$31,2,FALSE) -> Zonal | AJ421: =VLOOKUP(AH421,'Hess and Brezowsky'!$B$2:$G$31,3,FALSE) -> C | AK421: =VLOOKUP(AH421,'Hess and Brezowsky'!$B$2:$G$31,4,FALSE) -> Cyclonic Westerly | AL421: 0.18552083 | AM421: 0.49864583 | AN421: 0.81178241
A422: 45142 | B422: 2023 | C422: 216 | D422: =WEEKDAY(A422) -> 6 | F422: =IF(G422 > 0.5,1,0)+IF(H422 > 0.5,1,0)+IF(I422 > 0.5,1,0)+IF(J422 > 0.5,1,0)+IF(K422 > 0.5,1,0)+IF(L423 > 0.5,1,0) -> 4 | G422: 1 | H422: 0 | I422: 1 | J422: 1 | K422: 0 | L422: 1 | M422: 318.162 | N422: =IF(AND(M422 > 22.5,M422<=67.6),"NE",IF(AND(M422 > 67.5,M422<=112.5),"E",IF(AND(M422 > 112.5,M422<=157.5),"SE",IF(AND(M422 > 157.5,M422<=202.5),"S",IF(AND(M422 > 202.5,M422<=247.5),"SW",IF(AND(M422 > 247.5,M422<=292.5),"W",IF(AND(M422 > 292.5,M422<=337.5),"NW",IF(AND(M422 > 22.5,M422<=360),"N","N")))))))) -> NW | O422: 6.2 | P422: Broken | Q422: 2.4 | R422: 17.71 | S422: 15.2 | T422: 22 | U422: 312.92 | V422: NW | W422: 0.04 | X422: 0 | Y422: 0 | Z422: 0 | AA422: 0 | AB422: 0 | AC422: 0.08 | AD422: 0.88 | AE422: 7.25 | AF422: 7.08 | AG422: 11.8 | AH422: TrM | AI422: =VLOOKUP(AH422,'Hess and Brezowsky'!$B$2:$G$31,2,FALSE) -> Meridional | AJ422: =VLOOKUP(AH422,'Hess and Brezowsky'!$B$2:$G$31,3,FALSE) -> M | AK422: =VLOOKUP(AH422,'Hess and Brezowsky'!$B$2:$G$31,4,FALSE) -> Trough over Central Europe | AL422: 0.18646991 | AM422: 0.49859954 | AN422: 0.81074074
A423: 45143 | B423: 2023 | C423: 217 | D423: =WEEKDAY(A423) -> 7 | F423: =IF(G423 > 0.5,1,0)+IF(H423 > 0.5,1,0)+IF(I423 > 0.5,1,0)+IF(J423 > 0.5,1,0)+IF(K423 > 0.5,1,0)+IF(L424 > 0.5,1,0) -> 4 | G423: 1 | H423: 0 | I423: 1 | J423: 1 | K423: 0 | L423: 1 | M423: 235.355 | N423: =IF(AND(M423 > 22.5,M423<=67.6),"NE",IF(AND(M423 > 67.5,M423<=112.5),"E",IF(AND(M423 > 112.5,M423<=157.5),"SE",IF(AND(M423 > 157.5,M423<=202.5),"S",IF(AND(M423 > 202.5,M423<=247.5),"SW",IF(AND(M423 > 247.5,M423<=292.5),"W",IF(AND(M423 > 292.5,M423<=337.5),"NW",IF(AND(M423 > 22.5,M423<=360),"N","N")))))))) -> SW | O423: 10.1 | P423: Broken | Q423: 1.2 | R423: 16.14 | S423: 13.5 | T423: 19.4 | U423: 234.54 | V423: SW | W423: 0 | X423: 0 | Y423: 0 | Z423: 0 | AA423: 0.29 | AB423: 0.29 | AC423: 0.38 | AD423: 0.04 | AE423: 10.22 | AF423: 8.93 | AG423: 20.9 | AH423: TrM | AI423: =VLOOKUP(AH423,'Hess and Brezowsky'!$B$2:$G$31,2,FALSE) -> Meridional | AJ423: =VLOOKUP(AH423,'Hess and Brezowsky'!$B$2:$G$31,3,FALSE) -> M | AK423: =VLOOKUP(AH423,'Hess and Brezowsky'!$B$2:$G$31,4,FALSE) -> Trough over Central Europe | AL423: 0.18741898 | AM423: 0.49854167 | AN423: 0.80967593
... A425: 45145 | B425: 2023 | C425: 219 | D425: =WEEKDAY(A425) -> 2 | F425: =IF(G425 > 0.5,1,0)+IF(H425 > 0.5,1,0)+IF(I425 > 0.5,1,0)+IF(J425 > 0.5,1,0)+IF(K425 > 0.5,1,0)+IF(L426 > 0.5,1,0) -> 6 | G425: 1 | H425: 0.58 | I425: 1 | J425: 1 | K425: 0.54 | L425: 1 | M425: 300.382 | N425: =IF(AND(M425 > 22.5,M425<=67.6),"NE",IF(AND(M425 > 67.5,M425<=112.5),"E",IF(AND(M425 > 112.5,M425<=157.5),"SE",IF(AND(M425 > 157.5,M425<=202.5),"S",IF(AND(M425 > 202.5,M425<=247.5),"SW",IF(AND(M425 > 247.5,M425<=292.5),"W",IF(AND(M425 > 292.5,M425<=337.5),"NW",IF(AND(M425 > 22.5,M425<=360),"N","N")))))))) -> NW | O425: 6.1 | P425: Broken | Q425: 0 | R425: 17.81 | S425: 12.8 | T425: 22.7 | U425: 295.72 | V425: NW | W425: 0 | X425: 0 | Y425: 0 | Z425: 0 | AA425: 0 | AB425: 0 | AC425: 0.46 | AD425: 0.54 | AE425: 6.95 | AF425: 6.7 | AG425: 15.4 | AH425: Wz | AI425: =VLOOKUP(AH425,'Hess and Brezowsky'!$B$2:$G$31,2,FALSE) -> Zonal | AJ425: =VLOOKUP(AH425,'Hess and Brezowsky'!$B$2:$G$31,3,FALSE) -> C | AK425: =VLOOKUP(AH425,'Hess and Brezowsky'!$B$2:$G$31,4,FALSE) -> Cyclonic Westerly | AL425: 0.18934028 | AM425: 0.49841435 | AN425: 0.80748843
A426: 45146 | B426: 2023 | C426: 220 | D426: =WEEKDAY(A426) -> 3 | E426: DWL IOP 1 | F426: =IF(G426 > 0.5,1,0)+IF(H426 > 0.5,1,0)+IF(I426 > 0.5,1,0)+IF(J426 > 0.5,1,0)+IF(K426 > 0.5,1,0)+IF(L427 > 0.5,1,0) -> 6 | G426: 1 | H426: 1 | I426: 1 | J426: 1 | K426: 1 | L426: 1 | M426: 268.703 | N426: =IF(AND(M426 > 22.5,M426<=67.6),"NE",IF(AND(M426 > 67.5,M426<=112.5),"E",IF(AND(M426 > 112.5,M426<=157.5),"SE",IF(AND(M426 > 157.5,M426<=202.5),"S",IF(AND(M426 > 202.5,M426<=247.5),"SW",IF(AND(M426 > 247.5,M426<=292.5),"W",IF(AND(M426 > 292.5,M426<=337.5),"NW",IF(AND(M426 > 22.5,M426<=360),"N","N")))))))) -> W | O426: 5.3 | P426: Broken | Q426: 0 | R426: 19.7 | S426: 15.4 | T426: 24.1 | U426: 267.96 | V426: W | W426: 0 | X426: 0 | Y426: 0 | Z426: 0 | AA426: 0 | AB426: 0.08 | AC426: 0.83 | AD426: 0.08 | AE426: 5.6 | AF426: 5.4 | AG426: 9.8 | AH426: Wz | AI426: =VLOOKUP(AH426,'Hess and Brezowsky'!$B$2:$G$31,2,FALSE) -> Zonal | AJ426: =VLOOKUP(AH426,'Hess and Brezowsky'!$B$2:$G$31,3,FALSE) -> C | AK426: =VLOOKUP(AH426,'Hess and Brezowsky'!$B$2:$G$31,4,FALSE) -> Cyclonic Westerly | AL426: 0.1903125 | AM426: 0.49834491 | AN426: 0.80637731
A427: 45147 | B427: 2023 | C427: 221 | D427: =WEEKDAY(A427) -> 4 | E427: DWL IOP 1 | F427: =IF(G427 > 0.5,1,0)+IF(H427 > 0.5,1,0)+IF(I427 > 0.5,1,0)+IF(J427 > 0.5,1,0)+IF(K427 > 0.5,1,0)+IF(L428 > 0.5,1,0) -> 6 | G427: 1 | H427: 1 | I427: 1 | J427: 1 | K427: 1 | L427: 1 | M427: 302.119 | N427: =IF(AND(M427 > 22.5,M427<=67.6),"NE",IF(AND(M427 > 67.5,M427<=112.5),"E",IF(AND(M427 > 112.5,M427<=157.5),"SE",IF(AND(M427 > 157.5,M427<=202.5),"S",IF(AND(M427 > 202.5,M427<=247.5),"SW",IF(AND(M427 > 247.5,M427<=292.5),"W",IF(AND(M427 > 292.5,M427<=337.5),"NW",IF(AND(M427 > 22.5,M427<=360),"N","N")))))))) -> NW | O427: 4 | P427: Broken | Q427: 0 | R427: 20.02 | S427: 17.1 | T427: 24.9 | U427: 293.97 | V427: NW | W427: 0.04 | X427: 0.08 | Y427: 0.08 | Z427: 0 | AA427: 0 | AB427: 0 | AC427: 0.5 | AD427: 0.29 | AE427: 4.47 | AF427: 3.56 | AG427: 10.9 | AH427: Wz | AI427: =VLOOKUP(AH427,'Hess and Brezowsky'!$B$2:$G$31,2,FALSE) -> Zonal | AJ427: =VLOOKUP(AH427,'Hess and Brezowsky'!$B$2:$G$31,3,FALSE) -> C | AK427: =VLOOKUP(AH427,'Hess and Brezowsky'!$B$2:$G$31,4,FALSE) -> Cyclonic Westerly | AL427: 0.19128472 | AM427: 0.49826389 | AN427: 0.80524306
A428: 45148 | B428: 2023 | C428: 222 | D428: =WEEKDAY(A428) -> 5 | E428: DWL IOP 1 | F428: =IF(G428 > 0.5,1,0)+IF(H428 > 0.5,1,0)+IF(I428 > 0.5,1,0)+IF(J428 > 0.5,1,0)+IF(K428 > 0.5,1,0)+IF(L429 > 0.5,1,0) -> 6 | G428: 0.87 | H428: 1 | I428: 1 | J428: 1 | K428: 1 | L428: 1 | M428: 124.925 | N428: =IF(AND(M428 > 22.5,M428<=67.6),"NE",IF(AND(M428 > 67.5,M428<=112.5),"E",IF(AND(M428 > 112.5,M428<=157.5),"SE",IF(AND(M428 > 157.5,M428<=202.5),"S",IF(AND(M428 > 202.5,M428<=247.5),"SW",IF(AND(M428 > 247.5,M428<=292.5),"W",IF(AND(M428 > 292.5,M428<=337.5),"NW",IF(AND(M428 > 22.5,M428<=360),"N","N")))))))) -> SE | O428: 4.7 | P428: Broken | Q428: 0 | R428: 22.47 | S428: 16 | T428: 28.9 | U428: 127.27 | V428: SE | W428: 0 | X428: 0 | Y428: 0.25 | Z428: 0.62 | AA428: 0.12 | AB428: 0 | AC428: 0 | AD428: 0 | AE428: 4.97 | AF428: 4.68 | AG428: 8.4 | AH428: Ü | AI428: =VLOOKUP(AH428,'Hess and Brezowsky'!$B$2:$G$31,2,FALSE) -> Undefined | AJ428: =VLOOKUP(AH428,'Hess and Brezowsky'!$B$2:$G$31,3,FALSE) -> M | AK428: =VLOOKUP(AH428,'Hess and Brezowsky'!$B$2:$G$31,4,FALSE) -> Transistion / Undefined | AL428: 0.19225694 | AM428: 0.4981713 | AN428: 0.80408565
A429: 45149 | B429: 2023 | C429: 223 | D429: =WEEKDAY(A429) -> 6 | E429: DWL IOP 1 | F429: =IF(G429 > 0.5,1,0)+IF(H429 > 0.5,1,0)+IF(I429 > 0.5,1,0)+IF(J429 > 0.5,1,0)+IF(K429 > 0.5,1,0)+IF(L430 > 0.5,1,0) -> 6 | G429: 1 | H429: 1 | I429: 1 | J429: 1 | K429: 1 | L429: 0.91 | M429: 227.661 | N429: =IF(AND(M429 > 22.5,M429<=67.6),"NE",IF(AND(M429 > 67.5,M429<=112.5),"E",IF(AND(M429 > 112.5,M429<=157.5),"SE",IF(AND(M429 > 157.5,M429<=202.5),"S",IF(AND(M429 > 202.5,M429<=247.5),"SW",IF(AND(M429 > 247.5,M429<=292.5),"W",IF(AND(M429 > 292.5,M429<=337.5),"NW",IF(AND(M429 > 22.5,M429<=360),"N","N")))))))) -> SW | O429: 5.3 | P429: Broken | Q429: 3.4 | R429: 21.8 | S429: 18 | T429: 27.1 | U429: 228.48 | V429: SW | W429: 0 | X429: 0 | Y429: 0 | Z429: 0 | AA429: 0.25 | AB429: 0.21 | AC429: 0.54 | AD429: 0 | AE429: 4.97 | AF429: 4.13 | AG429: 8.6 | AH429: SWa | AI429: =VLOOKUP(AH429,'Hess and Brezowsky'!$B$2:$G$31,2,FALSE) -> Mixed | AJ429: =VLOOKUP(AH429,'Hess and Brezowsky'!$B$2:$G$31,3,FALSE) -> A | AK429: =VLOOKUP(AH429,'Hess and Brezowsky'!$B$2:$G$31,4,FALSE) -> Anticyclonic South-Westerly | AL429: 0.19322917 | AM429: 0.4980787 | AN429: 0.80291667
A430: 45150 | B430: 2023 | C430: 224 | D430: =WEEKDAY(A430) -> 7 | E430: DWL IOP 1 | F430: =IF(G430 > 0.5,1,0)+IF(H430 > 0.5,1,0)+IF(I430 > 0.5,1,0)+IF(J430 > 0.5,1,0)+IF(K430 > 0.5,1,0)+IF(L431 > 0.5,1,0) -> 6 | G430: 1 | H430: 1 | I430: 1 | J430: 1 | K430: 1 | L430: 0.95 | M430: 251.031 | N430: =IF(AND(M430 > 22.5,M430<=67.6),"NE",IF(AND(M430 > 67.5,M430<=112.5),"E",IF(AND(M430 > 112.5,M430<=157.5),"SE",IF(AND(M430 > 157.5,M430<=202.5),"S",IF(AND(M430 > 202.5,M430<=247.5),"SW",IF(AND(M430 > 247.5,M430<=292.5),"W",IF(AND(M430 > 292.5,M430<=337.5),"NW",IF(AND(M430 > 22.5,M430<=360),"N","N")))))))) -> W | O430: 6.1 | P430: Broken | Q430: 10.5 | R430: 21.31 | S430: 18.1 | T430: 26.5 | U430: 252.85 | V430: W | W430: 0 | X430: 0 | Y430: 0 | Z430: 0 | AA430: 0 | AB430: 0.46 | AC430: 0.5 | AD430: 0.04 | AE430: 6.53 | AF430: 6.17 | AG430: 11.1 | AH430: SWa | AI430: =VLOOKUP(AH430,'Hess and Brezowsky'!$B$2:$G$31,2,FALSE) -> Mixed | AJ430: =VLOOKUP(AH430,'Hess and Brezowsky'!$B$2:$G$31,3,FALSE) -> A | AK430: =VLOOKUP(AH430,'Hess and Brezowsky'!$B$2:$G$31,4,FALSE) -> Anticyclonic South-Westerly | AL430: 0.19421296 | AM430: 0.49797454 | AN430: 0.80173611
A431: 45151 | B431: 2023 | C431: 225 | D431: =WEEKDAY(A431) -> 1 | E431: DWL IOP 1 | F431: =IF(G431 > 0.5,1,0)+IF(H431 > 0.5,1,0)+IF(I431 > 0.5,1,0)+IF(J431 > 0.5,1,0)+IF(K431 > 0.5,1,0)+IF(L432 > 0.5,1,0) -> 6 | G431: 1 | H431: 1 | I431: 1 | J431: 1 | K431: 1 | L431: 1 | M431: 248.167 | N431: =IF(AND(M431 > 22.5,M431<=67.6),"NE",IF(AND(M431 > 67.5,M431<=112.5),"E",IF(AND(M431 > 112.5,M431<=157.5),"SE",IF(AND(M431 > 157.5,M431<=202.5),"S",IF(AND(M431 > 202.5,M431<=247.5),"SW",IF(AND(M431 > 247.5,M431<=292.5),"W",IF(AND(M431 > 292.5,M431<=337.5),"NW",IF(AND(M431 > 22.5,M431<=360),"N","N")))))))) -> W | O431: 4.6 | P431: Broken | Q431: 0 | R431: 20.31 | S431: 16.4 | T431: 24.8 | U431: 246.66 | V431: SW | W431: 0 | X431: 0 | Y431: 0 | Z431: 0.04 | AA431: 0.04 | AB431: 0.5 | AC431: 0.42 | AD431: 0 | AE431: 4.2 | AF431: 3.91 | AG431: 8.9 | AH431: SWa | AI431: =VLOOKUP(AH431,'Hess and Brezowsky'!$B$2:$G$31,2,FALSE) -> Mixed | AJ431: =VLOOKUP(AH431,'Hess and Brezowsky'!$B$2:$G$31,3,FALSE) -> A | AK431: =VLOOKUP(AH431,'Hess and Brezowsky'!$B$2:$G$31,4,FALSE) -> Anticyclonic South-Westerly | AL431: 0.19519676 | AM431: 0.49787037 | AN431: 0.80053241
A432: 45152 | B432: 2023 | C432: 226 | D432: =WEEKDAY(A432) -> 2 | E432: DWL IOP 1 | F432: =IF(G432 > 0.5,1,0)+IF(H432 > 0.5,1,0)+IF(I432 > 0.5,1,0)+IF(J432 > 0.5,1,0)+IF(K432 > 0.5,1,0)+IF(L433 > 0.5,1,0) -> 6 | G432: 1 | H432: 1 | I432: 1 | J432: 1 | K432: 1 | L432: 0.95 | M432: 196.49 | N432: =IF(AND(M432 > 22.5,M432<=67.6),"NE",IF(AND(M432 > 67.5,M432<=112.5),"E",IF(AND(M432 > 112.5,M432<=157.5),"SE",IF(AND(M432 > 157.5,M432<=202.5),"S",IF(AND(M432 > 202.5,M432<=247.5),"SW",IF(AND(M432 > 247.5,M432<=292.5),"W",IF(AND(M432 > 292.5,M432<=337.5),"NW",IF(AND(M432 > 22.5,M432<=360),"N","N")))))))) -> S | O432: 7 | P432: Broken | Q432: 1.8 | R432: 21.43 | S432: 16 | T432: 28.9 | U432: 191.39 | V432: S | W432: 0 | X432: 0 | Y432: 0 | Z432: 0.38 | AA432: 0.17 | AB432: 0.33 | AC432: 0.12 | AD432: 0 | AE432: 6.67 | AF432: 5.07 | AG432: 10.3 | AH432: TrW | AI432: =VLOOKUP(AH432,'Hess and Brezowsky'!$B$2:$G$31,2,FALSE) -> Meridional | AJ432: =VLOOKUP(AH432,'Hess and Brezowsky'!$B$2:$G$31,3,FALSE) -> M | AK432: =VLOOKUP(AH432,'Hess and Brezowsky'!$B$2:$G$31,4,FALSE) -> Trough over Wester Europe | AL432: 0.19618056 | AM432: 0.49775463 | AN432: 0.79931713
A433: 45153 | B433: 2023 | C433: 227 | D433: =WEEKDAY(A433) -> 3 | E433: DWL IOP 1 | F433: =IF(G433 > 0.5,1,0)+IF(H433 > 0.5,1,0)+IF(I433 > 0.5,1,0)+IF(J433 > 0.5,1,0)+IF(K433 > 0.5,1,0)+IF(L434 > 0.5,1,0) -> 6 | G433: 1 | H433: 1 | I433: 1 | J433: 1 | K433: 1 | L433: 1 | M433: 305.757 | N433: =IF(AND(M433 > 22.5,M433<=67.6),"NE",IF(AND(M433 > 67.5,M433<=112.5),"E",IF(AND(M433 > 112.5,M433<=157.5),"SE",IF(AND(M433 > 157.5,M433<=202.5),"S",IF(AND(M433 > 202.5,M433<=247.5),"SW",IF(AND(M433 > 247.5,M433<=292.5),"W",IF(AND(M433 > 292.5,M433<=337.5),"NW",IF(AND(M433 > 22.5,M433<=360),"N","N")))))))) -> NW | O433: 4.5 | P433: Broken | Q433: 0 | R433: 21.29 | S433: 17.7 | T433: 25.1 | U433: 297.83 | V433: NW | W433: 0.08 | X433: 0.08 | Y433: 0 | Z433: 0 | AA433: 0 | AB433: 0 | AC433: 0.62 | AD433: 0.21 | AE433: 4.63 | AF433: 3.43 | AG433: 10.8 | AH433: TrW | AI433: =VLOOKUP(AH433,'Hess and Brezowsky'!$B$2:$G$31,2,FALSE) -> Meridional | AJ433: =VLOOKUP(AH433,'Hess and Brezowsky'!$B$2:$G$31,3,FALSE) -> M | AK433: =VLOOKUP(AH433,'Hess and Brezowsky'!$B$2:$G$31,4,FALSE) -> Trough over Wester Europe | AL433: 0.19716435 | AM433: 0.49762731 | AN433: 0.79809028
A434: 45154 | B434: 2023 | C434: 228 | D434: =WEEKDAY(A434) -> 4 | E434: DWL IOP 1 | F434: =IF(G434 > 0.5,1,0)+IF(H434 > 0.5,1,0)+IF(I434 > 0.5,1,0)+IF(J434 > 0.5,1,0)+IF(K434 > 0.5,1,0)+IF(L435 > 0.5,1,0) -> 6 | G434: 1 | H434: 1 | I434: 1 | J434: 1 | K434: 1 | L434: 1 | M434: 47.275 | N434: =IF(AND(M434 > 22.5,M434<=67.6),"NE",IF(AND(M434 > 67.5,M434<=112.5),"E",IF(AND(M434 > 112.5,M434<=157.5),"SE",IF(AND(M434 > 157.5,M434<=202.5),"S",IF(AND(M434 > 202.5,M434<=247.5),"SW",IF(AND(M434 > 247.5,M434<=292.5),"W",IF(AND(M434 > 292.5,M434<=337.5),"NW",IF(AND(M434 > 22.5,M434<=360),"N","N")))))))) -> NE | O434: 5.4 | P434: Broken | Q434: 0 | R434: 22.52 | S434: 17.9 | T434: 27.8 | U434: 45.62 | V434: NE | W434: 0 | X434: 1 | Y434: 0 | Z434: 0 | AA434: 0 | AB434: 0 | AC434: 0 | AD434: 0 | AE434: 5.39 | AF434: 5.3 | AG434: 11.2 | AH434: TrW | AI434: =VLOOKUP(AH434,'Hess and Brezowsky'!$B$2:$G$31,2,FALSE) -> Meridional | AJ434: =VLOOKUP(AH434,'Hess and Brezowsky'!$B$2:$G$31,3,FALSE) -> M | AK434: =VLOOKUP(AH434,'Hess and Brezowsky'!$B$2:$G$31,4,FALSE) -> Trough over Wester Europe | AL434: 0.19814815 | AM434: 0.4975 | AN434: 0.79685185
A435: 45155 | B435: 2023 | C435: 229 | D435: =WEEKDAY(A435) -> 5 | E435: DWL IOP 1 | F435: =IF(G435 > 0.5,1,0)+IF(H435 > 0.5,1,0)+IF(I435 > 0.5,1,0)+IF(J435 > 0.5,1,0)+IF(K435 > 0.5,1,0)+IF(L436 > 0.5,1,0) -> 6 | G435: 0.91 | H435: 1 | I435: 1 | J435: 1 | K435: 1 | L435: 1 | M435: 57.93 | N435: =IF(AND(M435 > 22.5,M435<=67.6),"NE",IF(AND(M435 > 67.5,M435<=112.5),"E",IF(AND(M435 > 112.5,M435<=157.5),"SE",IF(AND(M435 > 157.5,M435<=202.5),"S",IF(AND(M435 > 202.5,M435<=247.5),"SW",IF(AND(M435 > 247.5,M435<=292.5),"W",IF(AND(M435 > 292.5,M435<=337.5),"NW",IF(AND(M435 > 22.5,M435<=360),"N","N")))))))) -> NE | O435: 5.6 | P435: Few | Q435: 0 | R435: 23.88 | S435: 18.6 | T435: 29.2 | U435: 62.38 | V435: NE | W435: 0 | X435: 0.71 | Y435: 0.29 | Z435: 0 | AA435: 0 | AB435: 0 | AC435: 0 | AD435: 0 | AE435: 5.9 | AF435: 5.85 | AG435: 9.5 | AH435: HFz | AI435: =VLOOKUP(AH435,'Hess and Brezowsky'!$B$2:$G$31,2,FALSE) -> Meridional | AJ435: =VLOOKUP(AH435,'Hess and Brezowsky'!$B$2:$G$31,3,FALSE) -> C | AK435: =VLOOKUP(AH435,'Hess and Brezowsky'!$B$2:$G$31,4,FALSE) -> Scandinavian High, Trough Central Europe | AL435: 0.19913194 | AM435: 0.49736111 | AN435: 0.79559028
A436: 45156 | B436: 2023 | C436: 230 | D436: =WEEKDAY(A436) -> 6 | E436: DWL IOP 1 | F436: =IF(G436 > 0.5,1,0)+IF(H436 > 0.5,1,0)+IF(I436 > 0.5,1,0)+IF(J436 > 0.5,1,0)+IF(K436 > 0.5,1,0)+IF(L437 > 0.5,1,0) -> 6 | G436: 0.91 | H436: 1 | I436: 1 | J436: 1 | K436: 1 | L436: 1 | M436: 134.703 | N436: =IF(AND(M436 > 22.5,M436<=67.6),"NE",IF(AND(M436 > 67.5,M436<=112.5),"E",IF(AND(M436 > 112.5,M436<=157.5),"SE",IF(AND(M436 > 157.5,M436<=202.5),"S",IF(AND(M436 > 202.5,M436<=247.5),"SW",IF(AND(M436 > 247.5,M436<=292.5),"W",IF(AND(M436 > 292.5,M436<=337.5),"NW",IF(AND(M436 > 22.5,M436<=360),"N","N")))))))) -> SE | O436: 6 | P436: Broken | Q436: 0 | R436: 25.39 | S436: 19.5 | T436: 31.9 | U436: 139.59 | V436: SE | W436: 0 | X436: 0 | Y436: 0.17 | Z436: 0.42 | AA436: 0.42 | AB436: 0 | AC436: 0 | AD436: 0 | AE436: 6.73 | AF436: 6.07 | AG436: 12.9 | AH436: HFz | AI436: =VLOOKUP(AH436,'Hess and Brezowsky'!$B$2:$G$31,2,FALSE) -> Meridional | AJ436: =VLOOKUP(AH436,'Hess and Brezowsky'!$B$2:$G$31,3,FALSE) -> C | AK436: =VLOOKUP(AH436,'Hess and Brezowsky'!$B$2:$G$31,4,FALSE) -> Scandinavian High, Trough Central Europe | AL436: 0.20012731 | AM436: 0.49722222 | AN436: 0.79431713
A437: 45157 | B437: 2023 | C437: 231 | D437: =WEEKDAY(A437) -> 7 | E437: DWL IOP 1 | F437: =IF(G437 > 0.5,1,0)+IF(H437 > 0.5,1,0)+IF(I437 > 0.5,1,0)+IF(J437 > 0.5,1,0)+IF(K437 > 0.5,1,0)+IF(L438 > 0.5,1,0) -> 6 | G437: 1 | H437: 1 | I437: 1 | J437: 1 | K437: 1 | L437: 0.83 | M437: 236.795 | N437: =IF(AND(M437 > 22.5,M437<=67.6),"NE",IF(AND(M437 > 67.5,M437<=112.5),"E",IF(AND(M437 > 112.5,M437<=157.5),"SE",IF(AND(M437 > 157.5,M437<=202.5),"S",IF(AND(M437 > 202.5,M437<=247.5),"SW",IF(AND(M437 > 247.5,M437<=292.5),"W",IF(AND(M437 > 292.5,M437<=337.5),"NW",IF(AND(M437 > 22.5,M437<=360),"N","N")))))))) -> SW | O437: 5.9 | P437: Broken | Q437: 2.2 | R437: 23.96 | S437: 20.7 | T437: 27.4 | U437: 240.19 | V437: SW | W437: 0.04 | X437: 0.04 | Y437: 0 | Z437: 0 | AA437: 0.21 | AB437: 0.42 | AC437: 0.29 | AD437: 0 | AE437: 5.04 | AF437: 4.09 | AG437: 12.7 | AH437: HFz | AI437: =VLOOKUP(AH437,'Hess and Brezowsky'!$B$2:$G$31,2,FALSE) -> Meridional | AJ437: =VLOOKUP(AH437,'Hess and Brezowsky'!$B$2:$G$31,3,FALSE) -> C | AK437: =VLOOKUP(AH437,'Hess and Brezowsky'!$B$2:$G$31,4,FALSE) -> Scandinavian High, Trough Central Europe | AL437: 0.20111111 | AM437: 0.49707176 | AN437: 0.79303241
... A462: 45182 | B462: 2023 | C462: 256 | D462: =WEEKDAY(A462) -> 4 | E462: DWL IOP 1 | F462: =IF(G462 > 0.5,1,0)+IF(H462 > 0.5,1,0)+IF(I462 > 0.5,1,0)+IF(J462 > 0.5,1,0)+IF(K462 > 0.5,1,0)+IF(L463 > 0.5,1,0) -> 5 | G462: 1 | H462: 1 | I462: 1 | J462: 1 | K462: 0.37 | L462: 1 | M462: 351.512 | N462: =IF(AND(M462 > 22.5,M462<=67.6),"NE",IF(AND(M462 > 67.5,M462<=112.5),"E",IF(AND(M462 > 112.5,M462<=157.5),"SE",IF(AND(M462 > 157.5,M462<=202.5),"S",IF(AND(M462 > 202.5,M462<=247.5),"SW",IF(AND(M462 > 247.5,M462<=292.5),"W",IF(AND(M462 > 292.5,M462<=337.5),"NW",IF(AND(M462 > 22.5,M462<=360),"N","N")))))))) -> N | O462: 2.7 | P462: Broken | Q462: 0.2 | R462: 19.18 | S462: 17.1 | T462: 22.1 | U462: 346.15 | V462: N | W462: 0 | X462: 0.04 | Y462: 0.12 | Z462: 0.21 | AA462: 0.04 | AB462: 0 | AC462: 0.17 | AD462: 0.42 | AE462: 2.63 | AF462: 0.67 | AG462: 5.2 | AH462: Ü | AI462: =VLOOKUP(AH462,'Hess and Brezowsky'!$B$2:$G$31,2,FALSE) -> Undefined | AJ462: =VLOOKUP(AH462,'Hess and Brezowsky'!$B$2:$G$31,3,FALSE) -> M | AK462: =VLOOKUP(AH462,'Hess and Brezowsky'!$B$2:$G$31,4,FALSE) -> Transistion / Undefined | AL462: 0.22565972 | AM462: 0.49177083 | AN462: 0.75788194
A463: 45183 | B463: 2023 | C463: 257 | D463: =WEEKDAY(A463) -> 5 | F463: =IF(G463 > 0.5,1,0)+IF(H463 > 0.5,1,0)+IF(I463 > 0.5,1,0)+IF(J463 > 0.5,1,0)+IF(K463 > 0.5,1,0)+IF(L464 > 0.5,1,0) -> 5 | G463: 1 | H463: 1 | I463: 1 | J463: 1 | K463: 0 | L463: 1 | M463: 121.544 | N463: =IF(AND(M463 > 22.5,M463<=67.6),"NE",IF(AND(M463 > 67.5,M463<=112.5),"E",IF(AND(M463 > 112.5,M463<=157.5),"SE",IF(AND(M463 > 157.5,M463<=202.5),"S",IF(AND(M463 > 202.5,M463<=247.5),"SW",IF(AND(M463 > 247.5,M463<=292.5),"W",IF(AND(M463 > 292.5,M463<=337.5),"NW",IF(AND(M463 > 22.5,M463<=360),"N","N")))))))) -> SE | O463: 3.4 | P463: Broken | Q463: 0 | R463: 19.76 | S463: 16.2 | T463: 25.4 | U463: 120.92 | V463: SE | W463: 0 | X463: 0 | Y463: 0.38 | Z463: 0.58 | AA463: 0.04 | AB463: 0 | AC463: 0 | AD463: 0 | AE463: 3.37 | AF463: 3.22 | AG463: 10 | AH463: SEa | AI463: =VLOOKUP(AH463,'Hess and Brezowsky'!$B$2:$G$31,2,FALSE) -> Meridional | AJ463: =VLOOKUP(AH463,'Hess and Brezowsky'!$B$2:$G$31,3,FALSE) -> A | AK463: =VLOOKUP(AH463,'Hess and Brezowsky'!$B$2:$G$31,4,FALSE) -> Anticyclonic South-Easterly | AL463: 0.22663194 | AM463: 0.4915162 | AN463: 0.75638889
A464: 45184 | B464: 2023 | C464: 258 | D464: =WEEKDAY(A464) -> 6 | F464: =IF(G464 > 0.5,1,0)+IF(H464 > 0.5,1,0)+IF(I464 > 0.5,1,0)+IF(J464 > 0.5,1,0)+IF(K464 > 0.5,1,0)+IF(L465 > 0.5,1,0) -> 5 | G464: 0.95 | H464: 1 | I464: 1 | J464: 1 | K464: 0 | L464: 1 | M464: 130.095 | N464: =IF(AND(M464 > 22.5,M464<=67.6),"NE",IF(AND(M464 > 67.5,M464<=112.5),"E",IF(AND(M464 > 112.5,M464<=157.5),"SE",IF(AND(M464 > 157.5,M464<=202.5),"S",IF(AND(M464 > 202.5,M464<=247.5),"SW",IF(AND(M464 > 247.5,M464<=292.5),"W",IF(AND(M464 > 292.5,M464<=337.5),"NW",IF(AND(M464 > 22.5,M464<=360),"N","N")))))))) -> SE | O464: 6.2 | P464: Few | Q464: 0 | R464: 21.03 | S464: 15.9 | T464: 28.3 | U464: 132.73 | V464: SE | W464: 0 | X464: 0 | Y464: 0.21 | Z464: 0.62 | AA464: 0.17 | AB464: 0 | AC464: 0 | AD464: 0 | AE464: 6.14 | AF464: 5.79 | AG464: 12 | AH464: SEa | AI464: =VLOOKUP(AH464,'Hess and Brezowsky'!$B$2:$G$31,2,FALSE) -> Meridional | AJ464: =VLOOKUP(AH464,'Hess and Brezowsky'!$B$2:$G$31,3,FALSE) -> A | AK464: =VLOOKUP(AH464,'Hess and Brezowsky'!$B$2:$G$31,4,FALSE) -> Anticyclonic South-Easterly | AL464: 0.22760417 | AM464: 0.49126157 | AN464: 0.75490741
A465: 45185 | B465: 2023 | C465: 259 | D465: =WEEKDAY(A465) -> 7 | F465: =IF(G465 > 0.5,1,0)+IF(H465 > 0.5,1,0)+IF(I465 > 0.5,1,0)+IF(J465 > 0.5,1,0)+IF(K465 > 0.5,1,0)+IF(L466 > 0.5,1,0) -> 4 | G465: 1 | H465: 1 | I465: 0.25 | J465: 1 | K465: 0 | L465: 1 | M465: 156.91 | N465: =IF(AND(M465 > 22.5,M465<=67.6),"NE",IF(AND(M465 > 67.5,M465<=112.5),"E",IF(AND(M465 > 112.5,M465<=157.5),"SE",IF(AND(M465 > 157.5,M465<=202.5),"S",IF(AND(M465 > 202.5,M465<=247.5),"SW",IF(AND(M465 > 247.5,M465<=292.5),"W",IF(AND(M465 > 292.5,M465<=337.5),"NW",IF(AND(M465 > 22.5,M465<=360),"N","N")))))))) -> SE | O465: 4.1 | P465: Broken | Q465: 0 | R465: 21.02 | S465: 16.5 | T465: 26.1 | U465: 147.49 | V465: SE | W465: 0 | X465: 0 | Y465: 0.12 | Z465: 0.46 | AA465: 0.33 | AB465: 0 | AC465: 0.04 | AD465: 0.04 | AE465: 3.28 | AF465: 2.63 | AG465: 11.5 | AH465: SEa | AI465: =VLOOKUP(AH465,'Hess and Brezowsky'!$B$2:$G$31,2,FALSE) -> Meridional | AJ465: =VLOOKUP(AH465,'Hess and Brezowsky'!$B$2:$G$31,3,FALSE) -> A | AK465: =VLOOKUP(AH465,'Hess and Brezowsky'!$B$2:$G$31,4,FALSE) -> Anticyclonic South-Easterly | AL465: 0.22858796 | AM465: 0.49100694 | AN465: 0.75341435
A466: 45186 | B466: 2023 | C466: 260 | D466: =WEEKDAY(A466) -> 1 | F466: =IF(G466 > 0.5,1,0)+IF(H466 > 0.5,1,0)+IF(I466 > 0.5,1,0)+IF(J466 > 0.5,1,0)+IF(K466 > 0.5,1,0)+IF(L467 > 0.5,1,0) -> 4 | G466: 1 | H466: 1 | I466: 0 | J466: 1 | K466: 0 | L466: 0.95 | M466: 174.043 | N466: =IF(AND(M466 > 22.5,M466<=67.6),"NE",IF(AND(M466 > 67.5,M466<=112.5),"E",IF(AND(M466 > 112.5,M466<=157.5),"SE",IF(AND(M466 > 157.5,M466<=202.5),"S",IF(AND(M466 > 202.5,M466<=247.5),"SW",IF(AND(M466 > 247.5,M466<=292.5),"W",IF(AND(M466 > 292.5,M466<=337.5),"NW",IF(AND(M466 > 22.5,M466<=360),"N","N")))))))) -> S | O466: 5.9 | P466: Broken | Q466: 5.9 | R466: 21.31 | S466: 17.4 | T466: 26.7 | U466: 173.14 | V466: S | W466: 0 | X466: 0 | Y466: 0 | Z466: 0.46 | AA466: 0.38 | AB466: 0.08 | AC466: 0.04 | AD466: 0.04 | AE466: 5.74 | AF466: 4.32 | AG466: 19.1 | AH466: SEa | AI466: =VLOOKUP(AH466,'Hess and Brezowsky'!$B$2:$G$31,2,FALSE) -> Meridional | AJ466: =VLOOKUP(AH466,'Hess and Brezowsky'!$B$2:$G$31,3,FALSE) -> A | AK466: =VLOOKUP(AH466,'Hess and Brezowsky'!$B$2:$G$31,4,FALSE) -> Anticyclonic South-Easterly | AL466: 0.22956019 | AM466: 0.49074074 | AN466: 0.75193287
A467: 45187 | B467: 2023 | C467: 261 | D467: =WEEKDAY(A467) -> 2 | F467: =IF(G467 > 0.5,1,0)+IF(H467 > 0.5,1,0)+IF(I467 > 0.5,1,0)+IF(J467 > 0.5,1,0)+IF(K467 > 0.5,1,0)+IF(L468 > 0.5,1,0) -> 4 | G467: 1 | H467: 1 | I467: 0.33 | J467: 1 | K467: 0 | L467: 1 | M467: 235.408 | N467: =IF(AND(M467 > 22.5,M467<=67.6),"NE",IF(AND(M467 > 67.5,M467<=112.5),"E",IF(AND(M467 > 112.5,M467<=157.5),"SE",IF(AND(M467 > 157.5,M467<=202.5),"S",IF(AND(M467 > 202.5,M467<=247.5),"SW",IF(AND(M467 > 247.5,M467<=292.5),"W",IF(AND(M467 > 292.5,M467<=337.5),"NW",IF(AND(M467 > 22.5,M467<=360),"N","N")))))))) -> SW | O467: 9.6 | P467: Broken | Q467: 6.2 | R467: 19.15 | S467: 14.9 | T467: 24.4 | U467: 237.38 | V467: SW | W467: 0 | X467: 0 | Y467: 0 | Z467: 0 | AA467: 0.08 | AB467: 0.58 | AC467: 0.33 | AD467: 0 | AE467: 9.19 | AF467: 8.15 | AG467: 14.7 | AH467: SWz | AI467: =VLOOKUP(AH467,'Hess and Brezowsky'!$B$2:$G$31,2,FALSE) -> Mixed | AJ467: =VLOOKUP(AH467,'Hess and Brezowsky'!$B$2:$G$31,3,FALSE) -> C | AK467: =VLOOKUP(AH467,'Hess and Brezowsky'!$B$2:$G$31,4,FALSE) -> Cyclonic South-Westerly | AL467: 0.23054398 | AM467: 0.49048611 | AN467: 0.75043981
A468: 45188 | B468: 2023 | C468: 262 | D468: =WEEKDAY(A468) -> 3 | F468: =IF(G468 > 0.5,1,0)+IF(H468 > 0.5,1,0)+IF(I468 > 0.5,1,0)+IF(J468 > 0.5,1,0)+IF(K468 > 0.5,1,0)+IF(L469 > 0.5,1,0) -> 4 | G468: 1 | H468: 1 | I468: 0 | J468: 1 | K468: 0 | L468: 1 | M468: 232.125 | N468: =IF(AND(M468 > 22.5,M468<=67.6),"NE",IF(AND(M468 > 67.5,M468<=112.5),"E",IF(AND(M468 > 112.5,M468<=157.5),"SE",IF(AND(M468 > 157.5,M468<=202.5),"S",IF(AND(M468 > 202.5,M468<=247.5),"SW",IF(AND(M468 > 247.5,M468<=292.5),"W",IF(AND(M468 > 292.5,M468<=337.5),"NW",IF(AND(M468 > 22.5,M468<=360),"N","N")))))))) -> SW | O468: 9.4 | P468: Broken | Q468: 0 | R468: 17.59 | S468: 13.4 | T468: 21.5 | U468: 232.7 | V468: SW | W468: 0 | X468: 0 | Y468: 0 | Z468: 0 | AA468: 0 | AB468: 0.75 | AC468: 0.25 | AD468: 0 | AE468: 8.41 | AF468: 8.06 | AG468: 12.9 | AH468: SWz | AI468: =VLOOKUP(AH468,'Hess and Brezowsky'!$B$2:$G$31,2,FALSE) -> Mixed | AJ468: =VLOOKUP(AH468,'Hess and Brezowsky'!$B$2:$G$31,3,FALSE) -> C | AK468: =VLOOKUP(AH468,'Hess and Brezowsky'!$B$2:$G$31,4,FALSE) -> Cyclonic South-Westerly | AL468: 0.2315162 | AM468: 0.49023148 | AN468: 0.74894676
A469: 45189 | B469: 2023 | C469: 263 | D469: =WEEKDAY(A469) -> 4 | F469: =IF(G469 > 0.5,1,0)+IF(H469 > 0.5,1,0)+IF(I469 > 0.5,1,0)+IF(J469 > 0.5,1,0)+IF(K469 > 0.5,1,0)+IF(L470 > 0.5,1,0) -> 5 | G469: 1 | H469: 1 | I469: 1 | J469: 1 | K469: 0 | L469: 1 | M469: 205.343 | N469: =IF(AND(M469 > 22.5,M469<=67.6),"NE",IF(AND(M469 > 67.5,M469<=112.5),"E",IF(AND(M469 > 112.5,M469<=157.5),"SE",IF(AND(M469 > 157.5,M469<=202.5),"S",IF(AND(M469 > 202.5,M469<=247.5),"SW",IF(AND(M469 > 247.5,M469<=292.5),"W",IF(AND(M469 > 292.5,M469<=337.5),"NW",IF(AND(M469 > 22.5,M469<=360),"N","N")))))))) -> SW | O469: 10.7 | P469: Broken | Q469: 0 | R469: 20.14 | S469: 15.9 | T469: 24.4 | U469: 200.8 | V469: S | W469: 0 | X469: 0 | Y469: 0 | Z469: 0 | AA469: 0.67 | AB469: 0.33 | AC469: 0 | AD469: 0 | AE469: 9.67 | AF469: 9.62 | AG469: 14.5 | AH469: SWz | AI469: =VLOOKUP(AH469,'Hess and Brezowsky'!$B$2:$G$31,2,FALSE) -> Mixed | AJ469: =VLOOKUP(AH469,'Hess and Brezowsky'!$B$2:$G$31,3,FALSE) -> C | AK469: =VLOOKUP(AH469,'Hess and Brezowsky'!$B$2:$G$31,4,FALSE) -> Cyclonic South-Westerly | AL469: 0.2325 | AM469: 0.48997685 | AN469: 0.7474537
A470: 45190 | B470: 2023 | C470: 264 | D470: =WEEKDAY(A470) -> 5 | F470: =IF(G470 > 0.5,1,0)+IF(H470 > 0.5,1,0)+IF(I470 > 0.5,1,0)+IF(J470 > 0.5,1,0)+IF(K470 > 0.5,1,0)+IF(L471 > 0.5,1,0) -> 4 | G470: 0 | H470: 1 | I470: 1 | J470: 1 | K470: 0 | L470: 1 | M470: 210.105 | N470: =IF(AND(M470 > 22.5,M470<=67.6),"NE",IF(AND(M470 > 67.5,M470<=112.5),"E",IF(AND(M470 > 112.5,M470<=157.5),"SE",IF(AND(M470 > 157.5,M470<=202.5),"S",IF(AND(M470 > 202.5,M470<=247.5),"SW",IF(AND(M470 > 247.5,M470<=292.5),"W",IF(AND(M470 > 292.5,M470<=337.5),"NW",IF(AND(M470 > 22.5,M470<=360),"N","N")))))))) -> SW | O470: 9.2 | P470: Overcast | Q470: 13.1 | R470: 16.31 | S470: 13.6 | T470: 20 | U470: 208.76 | V470: SW | W470: 0 | X470: 0 | Y470: 0 | Z470: 0 | AA470: 0.46 | AB470: 0.46 | AC470: 0.08 | AD470: 0 | AE470: 8.91 | AF470: 8.44 | AG470: 14.7 | AH470: TrW | AI470: =VLOOKUP(AH470,'Hess and Brezowsky'!$B$2:$G$31,2,FALSE) -> Meridional | AJ470: =VLOOKUP(AH470,'Hess and Brezowsky'!$B$2:$G$31,3,FALSE) -> M | AK470: =VLOOKUP(AH470,'Hess and Brezowsky'!$B$2:$G$31,4,FALSE) -> Trough over Wester Europe | AL470: 0.23347222 | AM470: 0.48972222 | AN470: 0.74596065
A471: 45191 | B471: 2023 | C471: 265 | D471: =WEEKDAY(A471) -> 6 | F471: =IF(G471 > 0.5,1,0)+IF(H471 > 0.5,1,0)+IF(I471 > 0.5,1,0)+IF(J471 > 0.5,1,0)+IF(K471 > 0.5,1,0)+IF(L472 > 0.5,1,0) -> 5 | G471: 1 | H471: 1 | I471: 1 | J471: 1 | K471: 0 | L471: 1 | M471: 243.973 | N471: =IF(AND(M471 > 22.5,M471<=67.6),"NE",IF(AND(M471 > 67.5,M471<=112.5),"E",IF(AND(M471 > 112.5,M471<=157.5),"SE",IF(AND(M471 > 157.5,M471<=202.5),"S",IF(AND(M471 > 202.5,M471<=247.5),"SW",IF(AND(M471 > 247.5,M471<=292.5),"W",IF(AND(M471 > 292.5,M471<=337.5),"NW",IF(AND(M471 > 22.5,M471<=360),"N","N")))))))) -> SW | O471: 8.9 | P471: Broken | Q471: 3.2 | R471: 13.85 | S471: 12.4 | T471: 17.3 | U471: 245.66 | V471: SW | W471: 0 | X471: 0 | Y471: 0 | Z471: 0 | AA471: 0.17 | AB471: 0.25 | AC471: 0.58 | AD471: 0 | AE471: 9.45 | AF471: 8.02 | AG471: 13.8 | AH471: TrW | AI471: =VLOOKUP(AH471,'Hess and Brezowsky'!$B$2:$G$31,2,FALSE) -> Meridional | AJ471: =VLOOKUP(AH471,'Hess and Brezowsky'!$B$2:$G$31,3,FALSE) -> M | AK471: =VLOOKUP(AH471,'Hess and Brezowsky'!$B$2:$G$31,4,FALSE) -> Trough over Wester Europe | AL471: 0.23445602 | AM471: 0.48946759 | AN471: 0.74446759
A472: 45192 | B472: 2023 | C472: 266 | D472: =WEEKDAY(A472) -> 7 | F472: =IF(G472 > 0.5,1,0)+IF(H472 > 0.5,1,0)+IF(I472 > 0.5,1,0)+IF(J472 > 0.5,1,0)+IF(K472 > 0.5,1,0)+IF(L473 > 0.5,1,0) -> 5 | G472: 1 | H472: 1 | I472: 1 | J472: 1 | K472: 0 | L472: 1 | M472: 269.392 | N472: =IF(AND(M472 > 22.5,M472<=67.6),"NE",IF(AND(M472 > 67.5,M472<=112.5),"E",IF(AND(M472 > 112.5,M472<=157.5),"SE",IF(AND(M472 > 157.5,M472<=202.5),"S",IF(AND(M472 > 202.5,M472<=247.5),"SW",IF(AND(M472 > 247.5,M472<=292.5),"W",IF(AND(M472 > 292.5,M472<=337.5),"NW",IF(AND(M472 > 22.5,M472<=360),"N","N")))))))) -> W | O472: 5 | P472: Broken | Q472: 0 | R472: 13.86 | S472: 10.8 | T472: 17.9 | U472: 270.27 | V472: W | W472: 0 | X472: 0 | Y472: 0 | Z472: 0 | AA472: 0.04 | AB472: 0.12 | AC472: 0.83 | AD472: 0 | AE472: 5.7 | AF472: 5.54 | AG472: 12.6 | AH472: TrW | AI472: =VLOOKUP(AH472,'Hess and Brezowsky'!$B$2:$G$31,2,FALSE) -> Meridional | AJ472: =VLOOKUP(AH472,'Hess and Brezowsky'!$B$2:$G$31,3,FALSE) -> M | AK472: =VLOOKUP(AH472,'Hess and Brezowsky'!$B$2:$G$31,4,FALSE) -> Trough over Wester Europe | AL472: 0.23543981 | AM472: 0.48921296 | AN472: 0.74297454
A473: 45193 | B473: 2023 | C473: 267 | D473: =WEEKDAY(A473) -> 1 | F473: =IF(G473 > 0.5,1,0)+IF(H473 > 0.5,1,0)+IF(I473 > 0.5,1,0)+IF(J473 > 0.5,1,0)+IF(K473 > 0.5,1,0)+IF(L474 > 0.5,1,0) -> 5 | G473: 1 | H473: 1 | I473: 1 | J473: 1 | K473: 0 | L473: 1 | M473: 164.628 | N473: =IF(AND(M473 > 22.5,M473<=67.6),"NE",IF(AND(M473 > 67.5,M473<=112.5),"E",IF(AND(M473 > 112.5,M473<=157.5),"SE",IF(AND(M473 > 157.5,M473<=202.5),"S",IF(AND(M473 > 202.5,M473<=247.5),"SW",IF(AND(M473 > 247.5,M473<=292.5),"W",IF(AND(M473 > 292.5,M473<=337.5),"NW",IF(AND(M473 > 22.5,M473<=360),"N","N")))))))) -> S | O473: 6.7 | P473: Clear | Q473: 0 | R473: 14.7 | S473: 8.6 | T473: 21.9 | U473: 165.16 | V473: S | W473: 0 | X473: 0 | Y473: 0 | Z473: 0.21 | AA473: 0.71 | AB473: 0.08 | AC473: 0 | AD473: 0 | AE473: 6.94 | AF473: 6.71 | AG473: 11.3 | AH473: BM | AI473: =VLOOKUP(AH473,'Hess and Brezowsky'!$B$2:$G$31,2,FALSE) -> Mixed | AJ473: =VLOOKUP(AH473,'Hess and Brezowsky'!$B$2:$G$31,3,FALSE) -> A | AK473: =VLOOKUP(AH473,'Hess and Brezowsky'!$B$2:$G$31,4,FALSE) -> Zonal Ridge across Central Europe | AL473: 0.23642361 | AM473: 0.48895833 | AN473: 0.74148148
A474: 45194 | B474: 2023 | C474: 268 | D474: =WEEKDAY(A474) -> 2 | F474: =IF(G474 > 0.5,1,0)+IF(H474 > 0.5,1,0)+IF(I474 > 0.5,1,0)+IF(J474 > 0.5,1,0)+IF(K474 > 0.5,1,0)+IF(L475 > 0.5,1,0) -> 5 | G474: 1 | H474: 1 | I474: 1 | J474: 1 | K474: 0 | L474: 1 | M474: 209.633 | N474: =IF(AND(M474 > 22.5,M474<=67.6),"NE",IF(AND(M474 > 67.5,M474<=112.5),"E",IF(AND(M474 > 112.5,M474<=157.5),"SE",IF(AND(M474 > 157.5,M474<=202.5),"S",IF(AND(M474 > 202.5,M474<=247.5),"SW",IF(AND(M474 > 247.5,M474<=292.5),"W",IF(AND(M474 > 292.5,M474<=337.5),"NW",IF(AND(M474 > 22.5,M474<=360),"N","N")))))))) -> SW | O474: 4.1 | P474: Broken | Q474: 0 | R474: 17.03 | S474: 10 | T474: 23.9 | U474: 218.77 | V474: SW | W474: 0 | X474: 0 | Y474: 0.08 | Z474: 0.12 | AA474: 0.12 | AB474: 0.25 | AC474: 0.17 | AD474: 0.25 | AE474: 3.33 | AF474: 1.69 | AG474: 7 | AH474: BM | AI474: =VLOOKUP(AH474,'Hess and Brezowsky'!$B$2:$G$31,2,FALSE) -> Mixed | AJ474: =VLOOKUP(AH474,'Hess and Brezowsky'!$B$2:$G$31,3,FALSE) -> A | AK474: =VLOOKUP(AH474,'Hess and Brezowsky'!$B$2:$G$31,4,FALSE) -> Zonal Ridge across Central Europe | AL474: 0.23741898 | AM474: 0.4887037 | AN474: 0.74
... A522: 45242 | B522: 2023 | C522: 316 | D522: =WEEKDAY(A522) -> 1 | F522: =IF(G522 > 0.5,1,0)+IF(H522 > 0.5,1,0)+IF(I522 > 0.5,1,0)+IF(J522 > 0.5,1,0)+IF(K522 > 0.5,1,0)+IF(L523 > 0.5,1,0) -> 5 | G522: 1 | H522: 1 | I522: 1 | J522: 1 | K522: 0 | L522: 0.91 | M522: 212.587 | N522: =IF(AND(M522 > 22.5,M522<=67.6),"NE",IF(AND(M522 > 67.5,M522<=112.5),"E",IF(AND(M522 > 112.5,M522<=157.5),"SE",IF(AND(M522 > 157.5,M522<=202.5),"S",IF(AND(M522 > 202.5,M522<=247.5),"SW",IF(AND(M522 > 247.5,M522<=292.5),"W",IF(AND(M522 > 292.5,M522<=337.5),"NW",IF(AND(M522 > 22.5,M522<=360),"N","N")))))))) -> SW | O522: 9 | P522: Overcast | Q522: 9.9 | R522: 9.77 | S522: 6.7 | T522: 13.1 | U522: 214.64 | V522: SW | W522: 0 | X522: 0 | Y522: 0 | Z522: 0.21 | AA522: 0.21 | AB522: 0.29 | AC522: 0.29 | AD522: 0 | AE522: 10.48 | AF522: 7.09 | AG522: 16.3 | AH522: WS | AI522: =VLOOKUP(AH522,'Hess and Brezowsky'!$B$2:$G$31,2,FALSE) -> Zonal | AJ522: =VLOOKUP(AH522,'Hess and Brezowsky'!$B$2:$G$31,3,FALSE) -> M | AK522: =VLOOKUP(AH522,'Hess and Brezowsky'!$B$2:$G$31,4,FALSE) -> South-Shifted Westerly | AL522: 0.28850694 | AM522: 0.48336806 | AN522: 0.67821759
A523: 45243 | B523: 2023 | C523: 317 | D523: =WEEKDAY(A523) -> 2 | E523: DWL IOP 2 | F523: =IF(G523 > 0.5,1,0)+IF(H523 > 0.5,1,0)+IF(I523 > 0.5,1,0)+IF(J523 > 0.5,1,0)+IF(K523 > 0.5,1,0)+IF(L524 > 0.5,1,0) -> 5 | G523: 1 | H523: 1 | I523: 1 | J523: 1 | K523: 0.16 | L523: 1 | M523: 233.659 | N523: =IF(AND(M523 > 22.5,M523<=67.6),"NE",IF(AND(M523 > 67.5,M523<=112.5),"E",IF(AND(M523 > 112.5,M523<=157.5),"SE",IF(AND(M523 > 157.5,M523<=202.5),"S",IF(AND(M523 > 202.5,M523<=247.5),"SW",IF(AND(M523 > 247.5,M523<=292.5),"W",IF(AND(M523 > 292.5,M523<=337.5),"NW",IF(AND(M523 > 22.5,M523<=360),"N","N")))))))) -> SW | O523: 12.2 | P523: Overcast | Q523: 3.4 | R523: 14.52 | S523: 12 | T523: 17.1 | U523: 235.29 | V523: SW | W523: 0 | X523: 0 | Y523: 0 | Z523: 0 | AA523: 0.04 | AB523: 0.75 | AC523: 0.21 | AD523: 0 | AE523: 12.28 | AF523: 11.6 | AG523: 19.1 | AH523: WS | AI523: =VLOOKUP(AH523,'Hess and Brezowsky'!$B$2:$G$31,2,FALSE) -> Zonal | AJ523: =VLOOKUP(AH523,'Hess and Brezowsky'!$B$2:$G$31,3,FALSE) -> M | AK523: =VLOOKUP(AH523,'Hess and Brezowsky'!$B$2:$G$31,4,FALSE) -> South-Shifted Westerly | AL523: 0.28961806 | AM523: 0.48346065 | AN523: 0.67731481
A524: 45244 | B524: 2023 | C524: 318 | D524: =WEEKDAY(A524) -> 3 | E524: DWL IOP 2 | F524: =IF(G524 > 0.5,1,0)+IF(H524 > 0.5,1,0)+IF(I524 > 0.5,1,0)+IF(J524 > 0.5,1,0)+IF(K524 > 0.5,1,0)+IF(L525 > 0.5,1,0) -> 6 | G524: 1 | H524: 0.95 | I524: 1 | J524: 1 | K524: 0.95 | L524: 1 | M524: 243.661 | N524: =IF(AND(M524 > 22.5,M524<=67.6),"NE",IF(AND(M524 > 67.5,M524<=112.5),"E",IF(AND(M524 > 112.5,M524<=157.5),"SE",IF(AND(M524 > 157.5,M524<=202.5),"S",IF(AND(M524 > 202.5,M524<=247.5),"SW",IF(AND(M524 > 247.5,M524<=292.5),"W",IF(AND(M524 > 292.5,M524<=337.5),"NW",IF(AND(M524 > 22.5,M524<=360),"N","N")))))))) -> SW | O524: 11.9 | P524: Overcast | Q524: 1.4 | R524: 12.45 | S524: 10.9 | T524: 13.6 | U524: 243.98 | V524: SW | W524: 0 | X524: 0 | Y524: 0 | Z524: 0 | AA524: 0 | AB524: 0.62 | AC524: 0.38 | AD524: 0 | AE524: 13.26 | AF524: 12.71 | AG524: 17.3 | AH524: WS | AI524: =VLOOKUP(AH524,'Hess and Brezowsky'!$B$2:$G$31,2,FALSE) -> Zonal | AJ524: =VLOOKUP(AH524,'Hess and Brezowsky'!$B$2:$G$31,3,FALSE) -> M | AK524: =VLOOKUP(AH524,'Hess and Brezowsky'!$B$2:$G$31,4,FALSE) -> South-Shifted Westerly | AL524: 0.29070602 | AM524: 0.48357639 | AN524: 0.67643519
A525: 45245 | B525: 2023 | C525: 319 | D525: =WEEKDAY(A525) -> 4 | E525: DWL IOP 2 | F525: =IF(G525 > 0.5,1,0)+IF(H525 > 0.5,1,0)+IF(I525 > 0.5,1,0)+IF(J525 > 0.5,1,0)+IF(K525 > 0.5,1,0)+IF(L526 > 0.5,1,0) -> 5 | G525: 1 | H525: 1 | I525: 0.37 | J525: 1 | K525: 1 | L525: 1 | M525: 255.991 | N525: =IF(AND(M525 > 22.5,M525<=67.6),"NE",IF(AND(M525 > 67.5,M525<=112.5),"E",IF(AND(M525 > 112.5,M525<=157.5),"SE",IF(AND(M525 > 157.5,M525<=202.5),"S",IF(AND(M525 > 202.5,M525<=247.5),"SW",IF(AND(M525 > 247.5,M525<=292.5),"W",IF(AND(M525 > 292.5,M525<=337.5),"NW",IF(AND(M525 > 22.5,M525<=360),"N","N")))))))) -> W | O525: 8.8 | P525: Broken | Q525: 0 | R525: 10.81 | S525: 8.2 | T525: 13.9 | U525: 256.38 | V525: W | W525: 0 | X525: 0 | Y525: 0 | Z525: 0 | AA525: 0 | AB525: 0.12 | AC525: 0.88 | AD525: 0 | AE525: 10.23 | AF525: 10.16 | AG525: 15.5 | AH525: WS | AI525: =VLOOKUP(AH525,'Hess and Brezowsky'!$B$2:$G$31,2,FALSE) -> Zonal | AJ525: =VLOOKUP(AH525,'Hess and Brezowsky'!$B$2:$G$31,3,FALSE) -> M | AK525: =VLOOKUP(AH525,'Hess and Brezowsky'!$B$2:$G$31,4,FALSE) -> South-Shifted Westerly | AL525: 0.29180556 | AM525: 0.48369213 | AN525: 0.6755787
A526: 45246 | B526: 2023 | C526: 320 | D526: =WEEKDAY(A526) -> 5 | E526: DWL IOP 2 | F526: =IF(G526 > 0.5,1,0)+IF(H526 > 0.5,1,0)+IF(I526 > 0.5,1,0)+IF(J526 > 0.5,1,0)+IF(K526 > 0.5,1,0)+IF(L527 > 0.5,1,0) -> 6 | G526: 1 | H526: 1 | I526: 1 | J526: 1 | K526: 0.95 | L526: 1 | M526: 183.116 | N526: =IF(AND(M526 > 22.5,M526<=67.6),"NE",IF(AND(M526 > 67.5,M526<=112.5),"E",IF(AND(M526 > 112.5,M526<=157.5),"SE",IF(AND(M526 > 157.5,M526<=202.5),"S",IF(AND(M526 > 202.5,M526<=247.5),"SW",IF(AND(M526 > 247.5,M526<=292.5),"W",IF(AND(M526 > 292.5,M526<=337.5),"NW",IF(AND(M526 > 22.5,M526<=360),"N","N")))))))) -> S | O526: 7.5 | P526: Overcast | Q526: 20.5 | R526: 8.98 | S526: 7.9 | T526: 10.8 | U526: 198.83 | V526: S | W526: 0.12 | X526: 0 | Y526: 0 | Z526: 0.25 | AA526: 0.25 | AB526: 0 | AC526: 0.25 | AD526: 0.12 | AE526: 8.53 | AF526: 1.73 | AG526: 17.1 | AH526: Ü | AI526: =VLOOKUP(AH526,'Hess and Brezowsky'!$B$2:$G$31,2,FALSE) -> Undefined | AJ526: =VLOOKUP(AH526,'Hess and Brezowsky'!$B$2:$G$31,3,FALSE) -> M | AK526: =VLOOKUP(AH526,'Hess and Brezowsky'!$B$2:$G$31,4,FALSE) -> Transistion / Undefined | AL526: 0.29288194 | AM526: 0.48381944 | AN526: 0.67474537
...

Sheet Data Sources
A1: This document is part of
A2: Harmonised boundary layer wind profile dataset from six ground-based doppler wind lidars in a transect across Paris (France) from 2022-06-10 to 2024-03-05
A3: The doppler wind lidar (DWL) dataset can be found at https://doi.org/10.5281/zenodo.15090857
A5: Data from Eiffel Tower and Montsouris are provided by MeteoFrance. Data has been further aggregated.
A6: The synoptic classification for Europe "Grosswetterlagen" is provided by DWD as part of open data (https://www.dwd.de/DE/leistungen/grosswetterlage/2023/grosswetterlage.html)
A7: Solar radiation is a subject classification based on global hemispherical radiation data from BSRN Site PAL, and urbisphere sites PACHEM, PADENF, PACOUR, PACHAN, PANANG, PACOUR, PAAUNA, PAPRUN, PAWYDT, PASTFE
A8: The use of the work is at the user's own risk. The authors, the involved institutions, and/or the European Commission accept no liability for material or non-material damage arising from the use or non-use or from the use of incorrect or incomplete information in this work. The authors, the involved institutions, and/or the European Research Commission are not responsible for any use that may be made of the information in this work. The legal provisions remain unaffected.

Sheet Hess and Brezowsky
A1: Number | B1: ID | C1: Synoptic type | D1: Cyclonic, Anticyclonic, Mixed | E1: Description English (James, 2007) | F1: Description (German, original)
A2: 1 | B2: Wa | C2: Zonal | D2: A | E2: Anticyclonic Westerly | F2: Westlage, Mitteleuropa überwiegend antizyklonal
A3: 2 | B3: Wz | C3: Zonal | D3: C | E3: Cyclonic Westerly | F3: Westlage, Mitteleuropa überwiegend zyklonal
A4: 3 | B4: WS | C4: Zonal | D4: M | E4: South-Shifted Westerly | F4: Südliche Westlage
A5: 4 | B5: WW | C5: Zonal | D5: M | E5: Maritime Westerly (Block Eastern Europe) | F5: Winkelförmige Westlage
A6: 5 | B6: SWa | C6: Mixed | D6: A | E6: Anticyclonic South-Westerly | F6: Südwestlage, Mitteleuropa überwiegend antizyklonal
A7: 6 | B7: SWz | C7: Mixed | D7: C | E7: Cyclonic South-Westerly | F7: Südwestlage, Mitteleuropa überwiegend zyklonal
A8: 7 | B8: NWa | C8: Mixed | D8: A | E8: Anticyclonic North-Westerly | F8: Nordwestlage, Mitteleuropa überwiegend antizyklonal
A9: 8 | B9: NWz | C9: Mixed | D9: C | E9: Cyclonic North-Westerly | F9: Nordwestlage, Mitteleuropa überwiegend zyklonal
A10: 9 | B10: HM | C10: Mixed | D10: A | E10: High over Central Europe | F10: Hoch Mitteleuropa
A11: 10 | B11: BM | C11: Mixed | D11: A | E11: Zonal Ridge across Central Europe | F11: Hochdruckbrücke Mitteleuropa
A12: 11 | B12: TM | C12: Mixed | D12: C | E12: Low (Cut-Off) over Central Europe | F12: Tief Mitteleuropa
A13: 12 | B13: Na | C13: Meridional | D13: A | E13: Anticyclonic Northerly | F13: Nordlage, Mitteleuropa überwiegend antizyklonal
... A31: 30 | B31: Ü | C31: Undefined | D31: M | E31: Transistion / Undefined | F31: Übergangslage / Unbestimmt
E33: Colors according to DWD Standard coloring code
